{"type":"FeatureCollection","crs":{"type":"name","properties":{"name":"urn:ogc:def:crs:EPSG::4490"}},"features":[{"type":"Feature","geometry":{"type":"MultiPolygon","coordinates":[[[[102.266871,30.080461],[102.277697,30.045087],[102.272226,30.030469],[102.275683,30.0051],[102.29496,29.993903],[102.294162,29.972539],[102.301533,29.95548],[102.293469,29.944586],[102.297372,29.934345],[102.28438,29.921594],[102.280826,29.908525],[102.283491,29.902694],[102.270978,29.888504],[102.269052,29.879258],[102.273145,29.869435],[102.290476,29.858458],[102.28792,29.842136],[102.310737,29.826886],[102.320017,29.829043],[102.324288,29.802318],[102.343739,29.793408],[102.355876,29.774831],[102.348601,29.756688],[102.325951,29.742382],[102.335265,29.724094],[102.296879,29.69059],[102.291923,29.672806],[102.294055,29.655451],[102.285626,29.641829],[102.289336,29.629944],[102.27498,29.611505],[102.291776,29.582977],[102.306505,29.574507],[102.319793,29.557236],[102.311741,29.534682],[102.265617,29.500073],[102.241163,29.483908],[102.223945,29.479173],[102.204217,29.462541],[102.192548,29.463808],[102.190095,29.471925],[102.172675,29.467354],[102.169278,29.477973],[102.174617,29.485818],[102.177979,29.508818],[102.176539,29.516404],[102.164518,29.517432],[102.164091,29.536338],[102.142969,29.5339],[102.142453,29.505072],[102.13442,29.5071],[102.132661,29.511698],[102.122273,29.511988],[102.090146,29.497509],[102.034744,29.501202],[102.00549,29.492147],[101.986969,29.495584],[101.971569,29.493208],[101.951094,29.506096],[101.936303,29.501744],[101.928915,29.508016],[101.907323,29.552835],[101.892487,29.56043],[101.889595,29.580742],[101.879399,29.596085],[101.856484,29.608393],[101.83057,29.640029],[101.838906,29.653954],[101.832075,29.669457],[101.84556,29.675593],[101.843938,29.684514],[101.83615,29.692537],[101.83223,29.715683],[101.846471,29.736278],[101.849487,29.750051],[101.858799,29.758716],[101.881461,29.763616],[101.886497,29.768553],[101.885805,29.780124],[101.903552,29.787912],[101.911187,29.802125],[101.919249,29.800075],[101.953255,29.810892],[101.953134,29.839471],[101.974429,29.869932],[101.977465,29.892516],[101.997721,29.897189],[102.018572,29.913194],[102.05139,29.928012],[102.055464,29.935342],[102.049674,29.950136],[102.03621,29.95757],[102.052587,29.977623],[102.048282,30.000492],[102.102356,30.018727],[102.134097,30.053156],[102.150447,30.063148],[102.160395,30.065173],[102.163688,30.049346],[102.208307,30.054712],[102.214093,30.058392],[102.229655,30.086354],[102.244958,30.087749],[102.266871,30.080461]]]]},"properties":{"name":"泸定县","gb":"156513322","valid_cells":2160,"valid_area_km2":2160.0,"level_1_cells":74,"level_2_cells":187,"level_3_cells":1899,"level_1_area_km2":74.0,"level_2_area_km2":187.0,"level_3_area_km2":1899.0,"level_1_share":0.03425925925925926,"level_2_share":0.08657407407407407,"level_3_share":0.8791666666666667,"tdpi_high_cells":208,"tdpi_high_area_km2":208.0,"tdpi_high_share":0.0962962962962963,"priority_index":0.2759259259259259,"ranking_area_threshold_km2":100.0,"ranking_eligible":1,"rank":1}},{"type":"Feature","geometry":{"type":"MultiPolygon","coordinates":[[[[102.414901,30.314091],[102.408393,30.309139],[102.413819,30.294085],[102.405041,30.282802],[102.410604,30.275581],[102.397568,30.234979],[102.38441,30.224185],[102.371417,30.231437],[102.367712,30.229522],[102.361687,30.225214],[102.36027,30.213836],[102.351187,30.210991],[102.349112,30.201975],[102.340038,30.207998],[102.333041,30.20542],[102.322567,30.184837],[102.3216,30.170138],[102.308721,30.164637],[102.287028,30.117796],[102.296485,30.10084],[102.279956,30.093751],[102.266871,30.080461],[102.244958,30.087749],[102.229655,30.086354],[102.214093,30.058392],[102.208307,30.054712],[102.163688,30.049346],[102.160395,30.065173],[102.150447,30.063148],[102.134097,30.053156],[102.102356,30.018727],[102.048282,30.000492],[102.052587,29.977623],[102.03621,29.95757],[102.049674,29.950136],[102.055464,29.935342],[102.05139,29.928012],[102.018572,29.913194],[101.997721,29.897189],[101.977465,29.892516],[101.974429,29.869932],[101.953134,29.839471],[101.953255,29.810892],[101.919249,29.800075],[101.911187,29.802125],[101.903552,29.787912],[101.885805,29.780124],[101.886497,29.768553],[101.881461,29.763616],[101.858799,29.758716],[101.849487,29.750051],[101.846471,29.736278],[101.83223,29.715683],[101.83615,29.692537],[101.843938,29.684514],[101.84556,29.675593],[101.832075,29.669457],[101.838906,29.653954],[101.83057,29.640029],[101.856484,29.608393],[101.879399,29.596085],[101.889595,29.580742],[101.892487,29.56043],[101.907323,29.552835],[101.928915,29.508016],[101.936303,29.501744],[101.947786,29.472603],[101.943952,29.44448],[101.967503,29.438484],[101.970774,29.43206],[101.982316,29.428615],[101.983261,29.424047],[101.972104,29.406213],[101.973937,29.387955],[101.945581,29.350664],[101.957058,29.31889],[101.932362,29.306479],[101.927639,29.295245],[101.90689,29.294668],[101.874177,29.277993],[101.851478,29.256613],[101.836223,29.249328],[101.824798,29.231898],[101.802932,29.225733],[101.79485,29.229788],[101.780606,29.228162],[101.763817,29.214884],[101.723997,29.201437],[101.715715,29.194867],[101.696773,29.222047],[101.699484,29.237328],[101.709445,29.254688],[101.692662,29.26893],[101.688376,29.282446],[101.672775,29.285141],[101.66499,29.292257],[101.6449,29.283886],[101.63153,29.291714],[101.611124,29.289504],[101.60298,29.299566],[101.596318,29.299072],[101.587852,29.289843],[101.560888,29.284934],[101.556495,29.295988],[101.55943,29.301965],[101.547775,29.306964],[101.539987,29.306081],[101.522327,29.283423],[101.497268,29.292747],[101.492882,29.299719],[101.506227,29.333339],[101.480409,29.335994],[101.463372,29.327905],[101.451666,29.312843],[101.44032,29.309501],[101.419434,29.276875],[101.407941,29.274668],[101.402921,29.277626],[101.377421,29.265378],[101.379017,29.255345],[101.371355,29.249369],[101.361049,29.222121],[101.347516,29.1996],[101.336223,29.19342],[101.303783,29.190098],[101.300054,29.206843],[101.288331,29.204647],[101.284187,29.211782],[101.289976,29.222748],[101.282099,29.233259],[101.255232,29.236269],[101.247606,29.231856],[101.233634,29.231886],[101.231328,29.223578],[101.234789,29.21042],[101.210681,29.181737],[101.206978,29.170044],[101.198824,29.166482],[101.16223,29.168337],[101.136851,29.150582],[101.116783,29.151415],[101.104522,29.136952],[101.090662,29.155089],[101.0598,29.172025],[101.058881,29.18629],[101.049237,29.204102],[101.059947,29.221529],[101.05613,29.227533],[101.045974,29.226506],[101.038658,29.232302],[101.050052,29.251497],[101.050315,29.269958],[101.044049,29.280103],[101.041967,29.308544],[101.051199,29.3356],[101.044969,29.342038],[101.034583,29.341506],[101.027611,29.334771],[101.014709,29.337747],[101.018358,29.34575],[101.005459,29.358826],[101.022288,29.365816],[101.033837,29.365725],[101.055017,29.359265],[101.06073,29.348737],[101.065983,29.350211],[101.069324,29.354869],[101.068147,29.372372],[101.087595,29.378825],[101.098547,29.391094],[101.109742,29.393156],[101.126015,29.409901],[101.148714,29.423357],[101.17866,29.435335],[101.193527,29.454639],[101.211142,29.456488],[101.221864,29.46703],[101.247336,29.479158],[101.266036,29.480111],[101.257834,29.498224],[101.248696,29.506826],[101.253166,29.510874],[101.252628,29.517456],[101.219413,29.527199],[101.240877,29.558193],[101.241602,29.568573],[101.2335,29.575195],[101.233732,29.590168],[101.239529,29.60143],[101.256832,29.61655],[101.261806,29.615594],[101.263335,29.622762],[101.262184,29.662342],[101.267003,29.684896],[101.242709,29.69281],[101.249019,29.72109],[101.242391,29.739654],[101.252746,29.747504],[101.254718,29.758442],[101.275531,29.766286],[101.310865,29.761706],[101.359179,29.762842],[101.360087,29.772449],[101.335629,29.808554],[101.346401,29.83635],[101.35167,29.839404],[101.363928,29.830812],[101.367122,29.85429],[101.375711,29.862747],[101.39127,29.865973],[101.409912,29.877064],[101.412065,29.904489],[101.398214,29.914728],[101.388984,29.930475],[101.394591,29.938755],[101.392372,29.955813],[101.397601,29.964617],[101.390555,29.993725],[101.407752,29.996937],[101.407309,30.012506],[101.376013,30.028498],[101.360904,30.018664],[101.348238,30.026588],[101.352229,30.036638],[101.3703,30.053777],[101.364093,30.071884],[101.371688,30.088843],[101.39279,30.092585],[101.39614,30.096678],[101.383467,30.123733],[101.362747,30.144706],[101.367849,30.173575],[101.3387,30.208546],[101.330656,30.20918],[101.303301,30.19477],[101.260825,30.192327],[101.243731,30.211545],[101.240607,30.220714],[101.257703,30.228164],[101.28323,30.255925],[101.303575,30.265987],[101.301553,30.279168],[101.262658,30.281757],[101.260143,30.310065],[101.273947,30.333043],[101.295343,30.350183],[101.29376,30.385201],[101.344647,30.411503],[101.360896,30.404421],[101.360697,30.39291],[101.366105,30.386557],[101.37965,30.38837],[101.389826,30.396006],[101.407327,30.398245],[101.417683,30.404709],[101.430807,30.426668],[101.447729,30.434311],[101.479029,30.428943],[101.494626,30.430631],[101.520214,30.398582],[101.535426,30.403527],[101.555949,30.396442],[101.57594,30.382747],[101.581563,30.386766],[101.586297,30.402245],[101.598634,30.409109],[101.602202,30.417014],[101.628347,30.42382],[101.639768,30.441883],[101.660439,30.456121],[101.667248,30.452399],[101.672447,30.435816],[101.682525,30.421672],[101.704875,30.414742],[101.724145,30.416661],[101.741225,30.412997],[101.759383,30.401346],[101.786393,30.412304],[101.790848,30.418246],[101.808464,30.463718],[101.820901,30.518461],[101.836345,30.535913],[101.860366,30.542725],[101.863062,30.551164],[101.857867,30.557814],[101.855976,30.573987],[101.858917,30.582748],[101.872535,30.583649],[101.880771,30.597326],[101.895604,30.595817],[101.897279,30.605404],[101.885244,30.625481],[101.890263,30.646871],[101.913658,30.655429],[101.929706,30.644184],[101.940949,30.643875],[101.957447,30.654752],[101.978413,30.649516],[102.019641,30.655581],[102.035862,30.663054],[102.048475,30.66089],[102.046217,30.663905],[102.059849,30.669475],[102.099546,30.667631],[102.114982,30.638921],[102.142288,30.615126],[102.16268,30.612498],[102.176006,30.59529],[102.184436,30.617974],[102.184324,30.629648],[102.20618,30.635706],[102.215543,30.644422],[102.239168,30.626098],[102.249494,30.622989],[102.272091,30.638632],[102.273187,30.657724],[102.295086,30.676811],[102.31019,30.680671],[102.334467,30.696201],[102.347127,30.710776],[102.362809,30.708815],[102.387712,30.716481],[102.446144,30.684182],[102.469856,30.69175],[102.477996,30.700246],[102.472324,30.741986],[102.462953,30.758921],[102.468329,30.768184],[102.482072,30.747796],[102.484006,30.730204],[102.492427,30.714907],[102.482702,30.703413],[102.484276,30.68688],[102.480208,30.677746],[102.471042,30.67415],[102.471813,30.644472],[102.466712,30.635683],[102.448786,30.62821],[102.435318,30.612223],[102.424397,30.54737],[102.415731,30.525944],[102.416836,30.514294],[102.411614,30.496344],[102.41897,30.466707],[102.416604,30.450122],[102.435812,30.422258],[102.422733,30.409475],[102.417577,30.389098],[102.42961,30.37479],[102.431506,30.357967],[102.419153,30.339343],[102.414901,30.314091]]]]},"properties":{"name":"康定市","gb":"156513301","valid_cells":11585,"valid_area_km2":11585.0,"level_1_cells":352,"level_2_cells":690,"level_3_cells":10543,"level_1_area_km2":352.0,"level_2_area_km2":690.0,"level_3_area_km2":10543.0,"level_1_share":0.030384117393180837,"level_2_share":0.059559775571860166,"level_3_share":0.910056107034959,"tdpi_high_cells":756,"tdpi_high_area_km2":756.0,"tdpi_high_share":0.06525679758308157,"priority_index":0.21027190332326284,"ranking_area_threshold_km2":100.0,"ranking_eligible":1,"rank":2}},{"type":"Feature","geometry":{"type":"MultiPolygon","coordinates":[[[[102.166128,31.127862],[102.166211,31.115866],[102.171883,31.10401],[102.163499,31.098887],[102.16183,31.093071],[102.165723,31.059021],[102.158464,31.050934],[102.167861,31.032938],[102.161679,31.032216],[102.161181,30.997441],[102.163564,30.990078],[102.176995,30.987821],[102.182263,30.968843],[102.189647,30.959301],[102.191577,30.951204],[102.185888,30.936964],[102.197561,30.911931],[102.175506,30.897142],[102.167658,30.897853],[102.165924,30.903368],[102.160902,30.904034],[102.137395,30.899956],[102.112067,30.902465],[102.101065,30.897804],[102.09651,30.890458],[102.077121,30.887323],[102.063758,30.878392],[102.060679,30.866296],[102.067846,30.859563],[102.063625,30.795135],[102.034002,30.767134],[102.038965,30.758157],[102.071277,30.739201],[102.069474,30.73317],[102.050707,30.736325],[102.036794,30.708526],[102.054575,30.698645],[102.054771,30.68555],[102.042768,30.669855],[102.046217,30.663905],[102.048475,30.66089],[102.035862,30.663054],[102.019641,30.655581],[101.978413,30.649516],[101.957447,30.654752],[101.940949,30.643875],[101.929706,30.644184],[101.913658,30.655429],[101.890263,30.646871],[101.885244,30.625481],[101.897279,30.605404],[101.895604,30.595817],[101.880771,30.597326],[101.872535,30.583649],[101.858917,30.582748],[101.855976,30.573987],[101.857867,30.557814],[101.863062,30.551164],[101.860366,30.542725],[101.836345,30.535913],[101.820901,30.518461],[101.808464,30.463718],[101.790848,30.418246],[101.786393,30.412304],[101.759383,30.401346],[101.741225,30.412997],[101.729238,30.433537],[101.713775,30.448598],[101.711321,30.458098],[101.687462,30.475442],[101.696834,30.489694],[101.693507,30.504037],[101.673619,30.501799],[101.623902,30.534161],[101.592664,30.54002],[101.616304,30.562108],[101.612689,30.57743],[101.584589,30.589387],[101.577397,30.597499],[101.578018,30.609462],[101.573787,30.613787],[101.581814,30.633],[101.581396,30.656926],[101.570434,30.678029],[101.584611,30.724628],[101.579891,30.740083],[101.581721,30.756237],[101.593084,30.777471],[101.620615,30.78049],[101.62009,30.796829],[101.628181,30.811162],[101.630866,30.83359],[101.626624,30.847983],[101.632617,30.865949],[101.616656,30.894532],[101.596346,30.902941],[101.574735,30.925213],[101.549816,30.919339],[101.524086,30.926719],[101.485498,30.963728],[101.479275,30.976176],[101.464239,30.97721],[101.455908,30.982842],[101.447398,30.978849],[101.441561,30.967382],[101.444491,30.938047],[101.434009,30.914163],[101.417011,30.9184],[101.409896,30.926129],[101.393155,30.923419],[101.385319,30.931307],[101.387727,30.956327],[101.377373,30.977467],[101.377604,30.987132],[101.370562,30.990821],[101.354027,30.983778],[101.332042,30.984519],[101.320246,31.02327],[101.300436,31.036666],[101.301619,31.045085],[101.328248,31.056921],[101.343492,31.053778],[101.358111,31.077031],[101.393548,31.085535],[101.389773,31.098067],[101.42619,31.114962],[101.422361,31.158025],[101.433753,31.166572],[101.435447,31.17653],[101.428028,31.19299],[101.454557,31.204455],[101.455448,31.225271],[101.465922,31.248383],[101.49061,31.248246],[101.489439,31.259348],[101.478172,31.273144],[101.455269,31.282575],[101.464935,31.303537],[101.460103,31.308626],[101.45527,31.305709],[101.460289,31.314935],[101.449185,31.311908],[101.448093,31.316525],[101.467797,31.333482],[101.464417,31.343289],[101.45096,31.344802],[101.445472,31.35019],[101.463501,31.353258],[101.466396,31.348654],[101.475356,31.35465],[101.484182,31.371252],[101.544478,31.381275],[101.563121,31.365513],[101.560885,31.353409],[101.569568,31.342924],[101.597075,31.37733],[101.609354,31.38616],[101.648393,31.383004],[101.653336,31.372204],[101.684358,31.353159],[101.688101,31.33096],[101.696448,31.32093],[101.726632,31.319238],[101.749645,31.305203],[101.75954,31.312317],[101.7664,31.311965],[101.766741,31.302323],[101.76023,31.296565],[101.761481,31.287884],[101.769275,31.278924],[101.794446,31.280075],[101.808039,31.287421],[101.821443,31.287197],[101.851374,31.276232],[101.857933,31.26943],[101.852951,31.258589],[101.862497,31.232103],[101.857141,31.21301],[101.861337,31.202963],[101.870822,31.198871],[101.880311,31.184865],[101.882672,31.163435],[101.893302,31.160867],[101.908156,31.149003],[101.917938,31.155669],[101.928697,31.171766],[101.960835,31.182171],[101.970026,31.18116],[101.983144,31.158682],[102.013039,31.146434],[102.024031,31.091919],[102.034146,31.074792],[102.060226,31.076764],[102.073026,31.082189],[102.085303,31.098809],[102.117149,31.116842],[102.128547,31.130819],[102.150326,31.141666],[102.159372,31.138105],[102.166128,31.127862]]]]},"properties":{"name":"丹巴县","gb":"156513323","valid_cells":4509,"valid_area_km2":4509.0,"level_1_cells":102,"level_2_cells":168,"level_3_cells":4239,"level_1_area_km2":102.0,"level_2_area_km2":168.0,"level_3_area_km2":4239.0,"level_1_share":0.02262142381902861,"level_2_share":0.037258815701929474,"level_3_share":0.9401197604790419,"tdpi_high_cells":205,"tdpi_high_area_km2":205.0,"tdpi_high_share":0.04546462630294966,"priority_index":0.14238190286094476,"ranking_area_threshold_km2":100.0,"ranking_eligible":1,"rank":3}},{"type":"Feature","geometry":{"type":"MultiPolygon","coordinates":[[[[103.743959,31.418217],[103.738954,31.40193],[103.697362,31.393317],[103.693979,31.384098],[103.679343,31.374958],[103.677256,31.368702],[103.658369,31.35295],[103.641279,31.355908],[103.625074,31.346589],[103.601175,31.351707],[103.588986,31.341688],[103.570558,31.343194],[103.566308,31.333333],[103.567782,31.316372],[103.572267,31.299202],[103.577906,31.293168],[103.567358,31.27612],[103.566596,31.265966],[103.579478,31.248699],[103.573787,31.218397],[103.578899,31.212959],[103.581317,31.196708],[103.571093,31.181682],[103.561643,31.177019],[103.555027,31.152043],[103.52349,31.10378],[103.526791,31.090742],[103.519438,31.080671],[103.515652,31.062365],[103.501852,31.043313],[103.517859,31.03043],[103.518795,31.006419],[103.510923,30.989907],[103.513978,30.978258],[103.457016,30.937959],[103.44934,30.909123],[103.450001,30.896652],[103.431223,30.880259],[103.422638,30.880166],[103.409508,30.867775],[103.381417,30.865804],[103.375117,30.859883],[103.352268,30.852407],[103.338537,30.831344],[103.303523,30.812819],[103.290008,30.816032],[103.286966,30.825956],[103.281133,30.829199],[103.262198,30.832482],[103.253886,30.844468],[103.231823,30.835842],[103.194007,30.84836],[103.169628,30.84712],[103.147375,30.820761],[103.136233,30.81659],[103.129183,30.799876],[103.119808,30.794014],[103.076653,30.817664],[103.051882,30.803199],[103.0363,30.804694],[102.991678,30.780322],[102.978428,30.780864],[102.94793,30.768183],[102.925374,30.770034],[102.923018,30.762444],[102.914062,30.760284],[102.908299,30.766865],[102.882998,30.768802],[102.872703,30.788041],[102.867577,30.789803],[102.862261,30.808635],[102.87434,30.825118],[102.89249,30.888688],[102.892535,30.904733],[102.907413,30.963017],[102.918018,30.962377],[102.919766,30.966973],[102.916996,31.00166],[102.938093,31.005002],[102.952534,31.027092],[102.955031,31.040989],[102.962631,31.048328],[102.963716,31.071844],[102.977423,31.080665],[102.966678,31.104603],[102.931328,31.099897],[102.919991,31.092753],[102.91194,31.094361],[102.903046,31.109612],[102.905673,31.122645],[102.916395,31.132318],[102.897575,31.174061],[102.893709,31.199579],[102.903834,31.20485],[102.90857,31.228891],[102.914516,31.23815],[102.942864,31.251882],[102.955879,31.249587],[102.962028,31.264185],[102.976218,31.258692],[102.986611,31.273756],[102.983071,31.2871],[103.003707,31.323617],[103.017221,31.3155],[103.027892,31.295436],[103.056248,31.272481],[103.074098,31.266669],[103.081521,31.268326],[103.086375,31.276306],[103.117441,31.295687],[103.123306,31.296373],[103.129028,31.289018],[103.140609,31.285139],[103.147224,31.286541],[103.152631,31.292809],[103.152647,31.302344],[103.160646,31.3057],[103.173609,31.321878],[103.192351,31.331451],[103.196866,31.339646],[103.194817,31.350573],[103.209668,31.373957],[103.246063,31.370701],[103.263688,31.383782],[103.280955,31.404667],[103.307069,31.412688],[103.331146,31.411892],[103.339853,31.415584],[103.361743,31.408212],[103.376594,31.427453],[103.405542,31.432627],[103.40649,31.445181],[103.400301,31.452113],[103.425719,31.471356],[103.440016,31.471629],[103.459479,31.482377],[103.46224,31.492981],[103.483283,31.498561],[103.491429,31.532583],[103.508222,31.550799],[103.491468,31.561167],[103.496103,31.576342],[103.495611,31.612777],[103.491752,31.621632],[103.50348,31.657226],[103.478689,31.671851],[103.47126,31.685102],[103.474756,31.69752],[103.499631,31.70587],[103.500286,31.71161],[103.515971,31.719524],[103.5324,31.712331],[103.549673,31.715113],[103.594347,31.690956],[103.602521,31.670334],[103.616502,31.673509],[103.638519,31.671225],[103.645959,31.654982],[103.645031,31.64592],[103.636583,31.624765],[103.619864,31.609615],[103.614926,31.59208],[103.606383,31.585972],[103.608207,31.571791],[103.615661,31.566186],[103.619498,31.546029],[103.630029,31.526478],[103.639238,31.526901],[103.656511,31.512441],[103.668316,31.516168],[103.671289,31.526539],[103.677874,31.530111],[103.691847,31.487921],[103.690119,31.474853],[103.698849,31.458307],[103.732733,31.422792],[103.743959,31.418217]]]]},"properties":{"name":"汶川县","gb":"156513221","valid_cells":4055,"valid_area_km2":4055.0,"level_1_cells":90,"level_2_cells":142,"level_3_cells":3823,"level_1_area_km2":90.0,"level_2_area_km2":142.0,"level_3_area_km2":3823.0,"level_1_share":0.02219482120838471,"level_2_share":0.03501849568434032,"level_3_share":0.942786683107275,"tdpi_high_cells":153,"tdpi_high_area_km2":153.0,"tdpi_high_share":0.037731196054254006,"priority_index":0.13662145499383477,"ranking_area_threshold_km2":100.0,"ranking_eligible":1,"rank":4}},{"type":"Feature","geometry":{"type":"MultiPolygon","coordinates":[[[[99.627311,30.542845],[99.621063,30.527939],[99.635453,30.48347],[99.603481,30.457949],[99.612627,30.428455],[99.632835,30.399845],[99.627233,30.38049],[99.61696,30.37009],[99.627396,30.360841],[99.688485,30.336944],[99.70683,30.334724],[99.712115,30.330592],[99.713665,30.319742],[99.696245,30.289838],[99.666178,30.253273],[99.586332,30.177688],[99.587791,30.156894],[99.598462,30.15129],[99.619696,30.127255],[99.59913,30.106717],[99.601627,30.099303],[99.59691,30.089123],[99.580906,30.089172],[99.568074,30.076073],[99.573524,30.062425],[99.57186,30.052578],[99.577317,30.044339],[99.571157,30.03217],[99.577063,30.028756],[99.57093,30.000174],[99.566558,29.993248],[99.558596,29.993506],[99.556648,29.989238],[99.565857,29.97254],[99.562506,29.960396],[99.570841,29.947565],[99.58091,29.949562],[99.581418,29.931322],[99.587606,29.9223],[99.596188,29.923616],[99.60302,29.917057],[99.584394,29.909553],[99.562932,29.887704],[99.565254,29.865038],[99.560183,29.844565],[99.568665,29.840858],[99.576655,29.844284],[99.604824,29.818775],[99.607912,29.809194],[99.578861,29.789428],[99.556847,29.759216],[99.562084,29.747341],[99.547167,29.735594],[99.562704,29.680585],[99.587507,29.640436],[99.58692,29.634904],[99.593596,29.621794],[99.580698,29.619838],[99.573173,29.608914],[99.556686,29.59894],[99.525565,29.603309],[99.521021,29.598558],[99.522501,29.586952],[99.5148,29.588393],[99.481596,29.567847],[99.494968,29.541917],[99.499571,29.517932],[99.461843,29.507847],[99.426784,29.485648],[99.423232,29.466825],[99.427179,29.457054],[99.435012,29.45337],[99.422049,29.427149],[99.445519,29.402829],[99.441978,29.395547],[99.454973,29.376176],[99.451517,29.346035],[99.456037,29.325879],[99.430276,29.291685],[99.413635,29.280141],[99.384613,29.233585],[99.387395,29.210391],[99.371186,29.190751],[99.371568,29.184325],[99.361542,29.185336],[99.355356,29.177622],[99.342563,29.176266],[99.331882,29.180169],[99.327586,29.186534],[99.314968,29.175486],[99.310234,29.157725],[99.286581,29.162813],[99.286568,29.145993],[99.281006,29.130752],[99.281736,29.125309],[99.287376,29.122881],[99.286398,29.11678],[99.272799,29.109742],[99.259694,29.11249],[99.25358,29.104687],[99.247115,29.036589],[99.232621,29.038441],[99.225525,29.051511],[99.213253,29.046778],[99.197342,29.047008],[99.190405,29.054036],[99.162936,29.056028],[99.14535,29.06742],[99.11402,29.071866],[99.116226,29.12355],[99.109337,29.165764],[99.118149,29.192432],[99.112167,29.2106],[99.11705,29.236864],[99.112312,29.25112],[99.100693,29.260887],[99.093224,29.284336],[99.07357,29.299702],[99.070885,29.328123],[99.064842,29.343082],[99.0616,29.402647],[99.065445,29.430071],[99.058098,29.462444],[99.06041,29.475922],[99.048409,29.49645],[99.046844,29.530582],[99.05204,29.560049],[99.019119,29.606157],[98.993912,29.672953],[98.998688,29.72715],[99.017776,29.787811],[99.013763,29.817621],[99.020096,29.844122],[99.047569,29.891146],[99.057106,29.919161],[99.071129,29.931366],[99.05217,29.948776],[99.048706,29.99575],[99.03653,30.026125],[99.042694,30.082361],[99.028542,30.105431],[99.018898,30.113104],[99.013107,30.131033],[99.013878,30.146818],[98.988098,30.152859],[98.985283,30.158842],[98.987297,30.169577],[98.982132,30.194365],[98.991928,30.213017],[98.973541,30.237961],[98.969307,30.254953],[98.98214,30.281582],[98.979934,30.29793],[98.966168,30.372907],[98.999169,30.386169],[99.027227,30.388923],[99.065555,30.385262],[99.071174,30.376361],[99.094001,30.388532],[99.098185,30.39589],[99.114465,30.402559],[99.118833,30.420127],[99.112018,30.424431],[99.103573,30.460745],[99.115913,30.468428],[99.127604,30.462184],[99.133174,30.475551],[99.147748,30.481436],[99.153808,30.501729],[99.170895,30.497211],[99.189809,30.508262],[99.183582,30.513258],[99.181508,30.529294],[99.196386,30.532947],[99.204446,30.529634],[99.21621,30.510963],[99.227321,30.512784],[99.237096,30.500308],[99.253189,30.500025],[99.267179,30.512908],[99.267063,30.522078],[99.280467,30.523868],[99.289198,30.512617],[99.291439,30.497954],[99.312587,30.489995],[99.376586,30.48453],[99.377383,30.492745],[99.368357,30.499418],[99.364711,30.508328],[99.369776,30.526266],[99.366842,30.536904],[99.377132,30.53884],[99.379303,30.545675],[99.375399,30.568935],[99.382184,30.587703],[99.400167,30.592172],[99.422646,30.620318],[99.455089,30.62958],[99.471605,30.631162],[99.478091,30.625778],[99.473535,30.616022],[99.475443,30.610704],[99.512126,30.600366],[99.513037,30.589886],[99.500137,30.585529],[99.493988,30.578001],[99.520536,30.577033],[99.53529,30.565777],[99.545595,30.566047],[99.570471,30.542662],[99.585798,30.549556],[99.627311,30.542845]]]]},"properties":{"name":"巴塘县","gb":"156513335","valid_cells":7604,"valid_area_km2":7604.0,"level_1_cells":136,"level_2_cells":310,"level_3_cells":7158,"level_1_area_km2":136.0,"level_2_area_km2":310.0,"level_3_area_km2":7158.0,"level_1_share":0.01788532351394003,"level_2_share":0.04076801683324566,"level_3_share":0.9413466596528143,"tdpi_high_cells":384,"tdpi_high_area_km2":384.0,"tdpi_high_share":0.05049973698053656,"priority_index":0.1351920042083114,"ranking_area_threshold_km2":100.0,"ranking_eligible":1,"rank":5}},{"type":"Feature","geometry":{"type":"MultiPolygon","coordinates":[[[[100.519805,28.953454],[100.516882,28.944551],[100.542022,28.918291],[100.537346,28.898111],[100.539639,28.884586],[100.553927,28.864344],[100.562244,28.834146],[100.58988,28.821009],[100.589473,28.81359],[100.58358,28.81595],[100.577291,28.804649],[100.5939,28.759253],[100.59337,28.749279],[100.575783,28.748121],[100.560574,28.753351],[100.552925,28.745059],[100.536709,28.740287],[100.520299,28.727484],[100.508035,28.711648],[100.501454,28.713422],[100.501105,28.720231],[100.461812,28.709327],[100.465533,28.70084],[100.49,28.698054],[100.520193,28.670591],[100.524298,28.645583],[100.515613,28.619912],[100.520235,28.596043],[100.529207,28.582523],[100.504028,28.555861],[100.507188,28.534738],[100.494218,28.500793],[100.468048,28.496657],[100.465822,28.487083],[100.438258,28.469127],[100.440154,28.456647],[100.43588,28.451195],[100.426881,28.445447],[100.417973,28.448488],[100.413199,28.439599],[100.42202,28.434634],[100.425141,28.427218],[100.418295,28.383323],[100.409653,28.371558],[100.395841,28.363007],[100.393927,28.348051],[100.385239,28.336094],[100.395204,28.32106],[100.403828,28.3219],[100.411125,28.31506],[100.412687,28.297172],[100.400405,28.285935],[100.397788,28.277477],[100.372188,28.256555],[100.364359,28.232516],[100.366348,28.206498],[100.379319,28.190304],[100.373977,28.183158],[100.383339,28.121223],[100.39373,28.113735],[100.398982,28.067752],[100.41105,28.059007],[100.413651,28.034099],[100.421548,28.022584],[100.420208,28.016651],[100.408916,28.00794],[100.395294,28.007536],[100.3754,28.019083],[100.360347,28.014265],[100.338888,28.02362],[100.324655,28.015075],[100.299341,28.012871],[100.28955,28.004467],[100.288048,27.990755],[100.279014,27.978228],[100.268508,27.969096],[100.256275,27.966517],[100.236161,27.971381],[100.228759,27.978148],[100.225201,27.991463],[100.197923,27.988659],[100.176174,27.995479],[100.168989,28.008057],[100.156584,28.011448],[100.143159,28.024863],[100.097308,28.051628],[100.072191,28.080809],[100.07103,28.08828],[100.063619,28.086941],[100.036499,28.137846],[100.023529,28.147268],[100.027054,28.174341],[100.035355,28.185211],[100.052986,28.191229],[100.089081,28.186729],[100.125183,28.211321],[100.163277,28.216581],[100.171921,28.224056],[100.171432,28.23049],[100.178406,28.241234],[100.191239,28.249699],[100.194031,28.25968],[100.150291,28.284874],[100.150146,28.293129],[100.17865,28.315002],[100.177086,28.326286],[100.124267,28.358219],[100.05938,28.376356],[100.05722,28.386286],[100.073502,28.425343],[100.073242,28.437038],[100.062714,28.445663],[99.999893,28.471024],[99.991417,28.47934],[99.984612,28.496075],[99.98259,28.527307],[99.977722,28.534811],[99.96801,28.538815],[99.960448,28.564186],[99.982629,28.590933],[99.978767,28.607399],[100.004518,28.623892],[100.012084,28.642429],[100.008934,28.652995],[100.022801,28.658338],[100.014574,28.677452],[100.020472,28.687001],[100.022289,28.70174],[100.014041,28.711215],[99.990306,28.714995],[99.984886,28.734018],[100.011961,28.746263],[100.026588,28.758265],[100.029275,28.766494],[100.024647,28.772285],[100.029917,28.783517],[100.041502,28.78451],[100.048908,28.79554],[100.058901,28.794427],[100.069364,28.799854],[100.075354,28.810777],[100.069961,28.832562],[100.061996,28.83359],[100.055348,28.841536],[100.02994,28.833181],[100.020481,28.837503],[100.034734,28.859848],[100.030493,28.874047],[100.01989,28.887623],[100.019943,28.903536],[100.037408,28.90292],[100.047825,28.913909],[100.062646,28.939683],[100.051046,28.960772],[100.068951,28.973661],[100.06425,28.986953],[100.057524,28.991551],[100.052889,29.026935],[100.039935,29.038342],[100.042686,29.044988],[100.050092,29.046995],[100.045992,29.055251],[100.057178,29.07001],[100.05984,29.087166],[100.053204,29.107097],[100.054616,29.121339],[100.032035,29.159493],[100.034503,29.170431],[100.02706,29.194675],[100.003966,29.219472],[100.006522,29.232095],[99.992482,29.245278],[99.989949,29.254918],[99.994025,29.27033],[99.984168,29.283495],[99.967994,29.289089],[99.962463,29.316625],[99.950799,29.317017],[99.938466,29.335017],[99.898725,29.319932],[99.878338,29.324905],[99.881769,29.334618],[99.869657,29.374228],[99.863833,29.413263],[99.862981,29.427204],[99.868455,29.447717],[99.850081,29.472696],[99.852787,29.486961],[99.881337,29.543824],[99.87907,29.579822],[99.870301,29.618456],[99.886282,29.63123],[99.880942,29.641141],[99.871725,29.646116],[99.893468,29.658686],[99.966475,29.676877],[99.980296,29.685603],[99.99218,29.705581],[99.998972,29.708716],[100.020764,29.704286],[100.032215,29.677855],[100.057192,29.668021],[100.091934,29.631953],[100.106154,29.608308],[100.141694,29.516213],[100.18602,29.440506],[100.20514,29.428392],[100.269317,29.328736],[100.290413,29.315063],[100.2893,29.292613],[100.329688,29.271149],[100.341957,29.255217],[100.384868,29.233008],[100.398365,29.216491],[100.434453,29.150922],[100.459756,29.138782],[100.470152,29.146172],[100.49404,29.151385],[100.503193,29.150625],[100.513039,29.143043],[100.530405,29.141382],[100.534567,29.124239],[100.550864,29.103396],[100.56531,29.093829],[100.566536,29.083245],[100.572365,29.079329],[100.579623,29.081327],[100.598108,29.057059],[100.608421,29.051649],[100.614155,29.029075],[100.580462,29.023977],[100.569203,29.018051],[100.541388,28.974732],[100.519349,28.957767],[100.519805,28.953454]]]]},"properties":{"name":"稻城县","gb":"156513337","valid_cells":7023,"valid_area_km2":7023.0,"level_1_cells":119,"level_2_cells":255,"level_3_cells":6649,"level_1_area_km2":119.0,"level_2_area_km2":255.0,"level_3_area_km2":6649.0,"level_1_share":0.01694432578670084,"level_2_share":0.03630926954293037,"level_3_share":0.9467464046703687,"tdpi_high_cells":218,"tdpi_high_area_km2":218.0,"tdpi_high_share":0.03104086572689734,"priority_index":0.12345151644596326,"ranking_area_threshold_km2":100.0,"ranking_eligible":1,"rank":6}},{"type":"Feature","geometry":{"type":"MultiPolygon","coordinates":[[[[102.603197,31.610133],[102.601809,31.590909],[102.610918,31.566889],[102.619599,31.558587],[102.633035,31.565902],[102.641713,31.577762],[102.653287,31.57822],[102.657448,31.559366],[102.673211,31.551597],[102.664915,31.538104],[102.671334,31.52099],[102.687242,31.499908],[102.681499,31.494844],[102.676119,31.470836],[102.669601,31.462374],[102.659972,31.45913],[102.659917,31.451677],[102.662725,31.446133],[102.685907,31.440815],[102.680329,31.430171],[102.681356,31.414967],[102.691733,31.399782],[102.692381,31.37622],[102.723189,31.342871],[102.740653,31.338577],[102.74501,31.326109],[102.759153,31.315696],[102.748339,31.298798],[102.751041,31.272558],[102.759888,31.269855],[102.773219,31.272634],[102.805057,31.263975],[102.816384,31.250969],[102.828821,31.245477],[102.808835,31.22708],[102.807843,31.21617],[102.811588,31.212119],[102.829711,31.204569],[102.849041,31.205092],[102.858354,31.199343],[102.887078,31.196579],[102.893709,31.199579],[102.897575,31.174061],[102.916395,31.132318],[102.905673,31.122645],[102.903046,31.109612],[102.91194,31.094361],[102.919991,31.092753],[102.931328,31.099897],[102.966678,31.104603],[102.977423,31.080665],[102.963716,31.071844],[102.962631,31.048328],[102.955031,31.040989],[102.952534,31.027092],[102.938093,31.005002],[102.916996,31.00166],[102.919766,30.966973],[102.918018,30.962377],[102.907413,30.963017],[102.892535,30.904733],[102.876938,30.916706],[102.859665,30.939686],[102.841288,30.936921],[102.827864,30.929665],[102.811995,30.941161],[102.807424,30.933871],[102.781564,30.927821],[102.776135,30.921461],[102.757399,30.929777],[102.745219,30.911771],[102.715191,30.926434],[102.710154,30.919067],[102.696122,30.913981],[102.687145,30.905363],[102.684154,30.894398],[102.686357,30.864642],[102.679935,30.858115],[102.665879,30.853454],[102.652436,30.856069],[102.646709,30.850916],[102.630389,30.852986],[102.619257,30.847571],[102.581739,30.852046],[102.563232,30.822542],[102.557978,30.819211],[102.548742,30.821715],[102.530069,30.81418],[102.533531,30.804635],[102.525373,30.796269],[102.508024,30.798365],[102.494288,30.794609],[102.468329,30.768184],[102.462953,30.758921],[102.472324,30.741986],[102.477996,30.700246],[102.469856,30.69175],[102.446144,30.684182],[102.387712,30.716481],[102.362809,30.708815],[102.347127,30.710776],[102.334467,30.696201],[102.31019,30.680671],[102.295086,30.676811],[102.273187,30.657724],[102.272091,30.638632],[102.249494,30.622989],[102.239168,30.626098],[102.215543,30.644422],[102.20618,30.635706],[102.184324,30.629648],[102.184436,30.617974],[102.176006,30.59529],[102.16268,30.612498],[102.142288,30.615126],[102.114982,30.638921],[102.099546,30.667631],[102.059849,30.669475],[102.046217,30.663905],[102.042768,30.669855],[102.054771,30.68555],[102.054575,30.698645],[102.036794,30.708526],[102.050707,30.736325],[102.069474,30.73317],[102.071277,30.739201],[102.038965,30.758157],[102.034002,30.767134],[102.063625,30.795135],[102.067846,30.859563],[102.060679,30.866296],[102.063758,30.878392],[102.077121,30.887323],[102.09651,30.890458],[102.101065,30.897804],[102.112067,30.902465],[102.137395,30.899956],[102.160902,30.904034],[102.165924,30.903368],[102.167658,30.897853],[102.175506,30.897142],[102.197561,30.911931],[102.185888,30.936964],[102.191577,30.951204],[102.189647,30.959301],[102.182263,30.968843],[102.176995,30.987821],[102.163564,30.990078],[102.161181,30.997441],[102.161679,31.032216],[102.167861,31.032938],[102.158464,31.050934],[102.165723,31.059021],[102.16183,31.093071],[102.163499,31.098887],[102.171883,31.10401],[102.166211,31.115866],[102.166128,31.127862],[102.177655,31.138316],[102.187407,31.14077],[102.189081,31.152425],[102.196279,31.154014],[102.202827,31.133594],[102.251949,31.158431],[102.25139,31.167995],[102.256544,31.177682],[102.252531,31.207255],[102.26112,31.239169],[102.253478,31.265534],[102.258179,31.270885],[102.265252,31.270642],[102.266378,31.278893],[102.260083,31.305769],[102.243314,31.324051],[102.252766,31.33228],[102.25377,31.341658],[102.249326,31.357433],[102.239238,31.370298],[102.229691,31.403981],[102.246743,31.416597],[102.26342,31.444413],[102.287016,31.455789],[102.306419,31.457697],[102.319003,31.476486],[102.314798,31.515107],[102.30365,31.528367],[102.294543,31.524596],[102.288591,31.52779],[102.282264,31.545044],[102.285396,31.553632],[102.277171,31.559959],[102.267807,31.58197],[102.284486,31.598824],[102.279456,31.604892],[102.265938,31.608821],[102.243409,31.635307],[102.240976,31.65391],[102.225147,31.660041],[102.208167,31.657882],[102.19492,31.673324],[102.193984,31.678323],[102.200622,31.685868],[102.216898,31.680341],[102.251028,31.68646],[102.266998,31.69817],[102.282586,31.688587],[102.297071,31.693836],[102.303512,31.70392],[102.329013,31.716215],[102.345083,31.69474],[102.356849,31.689727],[102.373997,31.699559],[102.381801,31.686612],[102.400305,31.672386],[102.413391,31.673581],[102.430795,31.653828],[102.44147,31.653548],[102.467612,31.663551],[102.480362,31.651246],[102.473515,31.637382],[102.484097,31.61859],[102.480245,31.612138],[102.486844,31.606093],[102.528245,31.616656],[102.535998,31.622077],[102.542584,31.61085],[102.539542,31.594616],[102.545113,31.590289],[102.579612,31.596442],[102.603197,31.610133]]]]},"properties":{"name":"小金县","gb":"156513227","valid_cells":5561,"valid_area_km2":5561.0,"level_1_cells":59,"level_2_cells":232,"level_3_cells":5270,"level_1_area_km2":59.0,"level_2_area_km2":232.0,"level_3_area_km2":5270.0,"level_1_share":0.010609602589462327,"level_2_share":0.0417191152670383,"level_3_share":0.9476712821434994,"tdpi_high_cells":234,"tdpi_high_area_km2":234.0,"tdpi_high_share":0.042078762812443805,"priority_index":0.11526703830246358,"ranking_area_threshold_km2":100.0,"ranking_eligible":1,"rank":7}},{"type":"Feature","geometry":{"type":"MultiPolygon","coordinates":[[[[102.940217,31.877531],[102.947075,31.86635],[102.96004,31.858478],[102.965628,31.86514],[102.991185,31.87261],[103.00837,31.851788],[103.035768,31.854565],[103.029068,31.829514],[103.05433,31.812582],[103.082776,31.808191],[103.100973,31.813022],[103.117639,31.804078],[103.139365,31.813481],[103.164708,31.772485],[103.182258,31.765546],[103.197389,31.76616],[103.205873,31.755123],[103.237515,31.75224],[103.255631,31.765039],[103.274257,31.767327],[103.300224,31.75758],[103.311693,31.742258],[103.342314,31.762406],[103.362526,31.769292],[103.379982,31.759093],[103.402365,31.753003],[103.437623,31.749718],[103.444341,31.722906],[103.465235,31.713369],[103.474756,31.69752],[103.47126,31.685102],[103.478689,31.671851],[103.50348,31.657226],[103.491752,31.621632],[103.495611,31.612777],[103.496103,31.576342],[103.491468,31.561167],[103.508222,31.550799],[103.491429,31.532583],[103.483283,31.498561],[103.46224,31.492981],[103.459479,31.482377],[103.440016,31.471629],[103.425719,31.471356],[103.400301,31.452113],[103.40649,31.445181],[103.405542,31.432627],[103.376594,31.427453],[103.361743,31.408212],[103.339853,31.415584],[103.331146,31.411892],[103.307069,31.412688],[103.280955,31.404667],[103.263688,31.383782],[103.246063,31.370701],[103.209668,31.373957],[103.194817,31.350573],[103.196866,31.339646],[103.192351,31.331451],[103.173609,31.321878],[103.160646,31.3057],[103.152647,31.302344],[103.152631,31.292809],[103.147224,31.286541],[103.140609,31.285139],[103.129028,31.289018],[103.123306,31.296373],[103.117441,31.295687],[103.086375,31.276306],[103.081521,31.268326],[103.074098,31.266669],[103.056248,31.272481],[103.027892,31.295436],[103.017221,31.3155],[103.003707,31.323617],[102.983071,31.2871],[102.986611,31.273756],[102.976218,31.258692],[102.962028,31.264185],[102.955879,31.249587],[102.942864,31.251882],[102.914516,31.23815],[102.90857,31.228891],[102.903834,31.20485],[102.893709,31.199579],[102.887078,31.196579],[102.858354,31.199343],[102.849041,31.205092],[102.829711,31.204569],[102.811588,31.212119],[102.807843,31.21617],[102.808835,31.22708],[102.828821,31.245477],[102.816384,31.250969],[102.805057,31.263975],[102.773219,31.272634],[102.759888,31.269855],[102.751041,31.272558],[102.748339,31.298798],[102.759153,31.315696],[102.74501,31.326109],[102.740653,31.338577],[102.723189,31.342871],[102.692381,31.37622],[102.691733,31.399782],[102.681356,31.414967],[102.680329,31.430171],[102.685907,31.440815],[102.662725,31.446133],[102.659917,31.451677],[102.659972,31.45913],[102.669601,31.462374],[102.676119,31.470836],[102.681499,31.494844],[102.687242,31.499908],[102.671334,31.52099],[102.664915,31.538104],[102.673211,31.551597],[102.657448,31.559366],[102.653287,31.57822],[102.641713,31.577762],[102.633035,31.565902],[102.619599,31.558587],[102.610918,31.566889],[102.601809,31.590909],[102.603197,31.610133],[102.607701,31.646334],[102.628662,31.66045],[102.636617,31.679568],[102.634796,31.698085],[102.64329,31.726529],[102.642465,31.746272],[102.651298,31.759037],[102.639827,31.774664],[102.640484,31.797674],[102.650193,31.80437],[102.660439,31.845665],[102.673106,31.852154],[102.678459,31.861646],[102.67986,31.885128],[102.695558,31.872132],[102.704526,31.872442],[102.718584,31.891443],[102.745893,31.892103],[102.772603,31.911007],[102.785624,31.911662],[102.795051,31.917323],[102.824329,31.899906],[102.851046,31.90228],[102.855383,31.905909],[102.871958,31.903298],[102.879951,31.892924],[102.882425,31.881526],[102.886466,31.880204],[102.922801,31.874805],[102.940217,31.877531]]]]},"properties":{"name":"理县","gb":"156513222","valid_cells":4322,"valid_area_km2":4322.0,"level_1_cells":46,"level_2_cells":146,"level_3_cells":4130,"level_1_area_km2":46.0,"level_2_area_km2":146.0,"level_3_area_km2":4130.0,"level_1_share":0.01064322073114299,"level_2_share":0.03378065710319297,"level_3_share":0.955576122165664,"tdpi_high_cells":121,"tdpi_high_area_km2":121.0,"tdpi_high_share":0.02799629801018047,"priority_index":0.09949097639981491,"ranking_area_threshold_km2":100.0,"ranking_eligible":1,"rank":8}},{"type":"Feature","geometry":{"type":"MultiPolygon","coordinates":[[[[100.616022,30.421013],[100.611976,30.403351],[100.618794,30.391108],[100.625689,30.39516],[100.632527,30.379776],[100.645577,30.37687],[100.648255,30.365447],[100.659973,30.363722],[100.670713,30.352977],[100.686126,30.35308],[100.692937,30.346105],[100.698909,30.329543],[100.726859,30.292563],[100.733034,30.267624],[100.751269,30.261959],[100.763061,30.240086],[100.75999,30.227469],[100.763453,30.223528],[100.81415,30.211381],[100.816594,30.1873],[100.831136,30.18623],[100.847921,30.196528],[100.848978,30.186531],[100.858023,30.186655],[100.863357,30.191524],[100.855932,30.19865],[100.859938,30.201056],[100.876964,30.193918],[100.878616,30.179972],[100.887376,30.180831],[100.8891,30.189904],[100.89421,30.183848],[100.891885,30.156567],[100.904133,30.138136],[100.902943,30.129069],[100.900135,30.123585],[100.877606,30.120734],[100.880267,30.109862],[100.89613,30.088673],[100.894444,30.079996],[100.869994,30.068618],[100.86116,30.056818],[100.853995,30.036511],[100.857045,30.024991],[100.844783,29.998064],[100.840572,30.014435],[100.814985,30.033145],[100.812056,30.018621],[100.795764,30.020614],[100.792896,30.036369],[100.76521,30.069483],[100.747685,30.072496],[100.737111,30.082643],[100.720426,30.088267],[100.70365,30.144151],[100.679568,30.152244],[100.675087,30.160032],[100.668052,30.15021],[100.644841,30.145766],[100.623512,30.142596],[100.601994,30.148494],[100.589711,30.157225],[100.585663,30.166017],[100.568998,30.166415],[100.54236,30.185372],[100.53503,30.21242],[100.538945,30.222266],[100.535915,30.228528],[100.520769,30.233404],[100.50464,30.232172],[100.490178,30.241852],[100.478296,30.23504],[100.46938,30.218794],[100.451042,30.216533],[100.436127,30.194404],[100.397478,30.201835],[100.389802,30.195873],[100.37962,30.172464],[100.383652,30.156595],[100.398,30.154196],[100.432449,30.166451],[100.443919,30.159911],[100.447308,30.150854],[100.44375,30.144645],[100.43292,30.146206],[100.416141,30.140599],[100.39609,30.126866],[100.393563,30.11966],[100.399407,30.095684],[100.397233,30.087228],[100.382634,30.076535],[100.380508,30.044785],[100.389214,30.042788],[100.404088,30.057449],[100.425702,30.060884],[100.448535,30.055336],[100.458075,30.034802],[100.471806,30.036285],[100.480754,30.041934],[100.494486,30.041483],[100.509372,30.017257],[100.49777,29.994291],[100.496956,29.982631],[100.488431,29.974244],[100.459918,29.970936],[100.47033,29.965248],[100.477399,29.941026],[100.497478,29.927658],[100.500253,29.910964],[100.516085,29.906825],[100.519211,29.89149],[100.514258,29.873004],[100.53607,29.856573],[100.54267,29.83408],[100.56812,29.818254],[100.585152,29.815559],[100.5933,29.800251],[100.606266,29.796335],[100.620033,29.775955],[100.643855,29.757907],[100.645775,29.745032],[100.660437,29.723716],[100.680473,29.715359],[100.696229,29.714516],[100.726641,29.68293],[100.738549,29.678456],[100.724895,29.657982],[100.723265,29.641731],[100.718088,29.633419],[100.730653,29.616045],[100.741244,29.617327],[100.755723,29.610718],[100.767876,29.613783],[100.782662,29.627631],[100.803147,29.624286],[100.804556,29.608807],[100.794317,29.587104],[100.79387,29.556388],[100.782866,29.543287],[100.788402,29.53626],[100.803108,29.540637],[100.823086,29.540016],[100.832403,29.535667],[100.845154,29.50561],[100.853774,29.499],[100.864693,29.501013],[100.873053,29.50781],[100.897036,29.502936],[100.901645,29.486052],[100.913438,29.473826],[100.924792,29.452499],[100.921197,29.443932],[100.931255,29.42054],[100.93023,29.414213],[100.9083,29.399195],[100.89643,29.368797],[100.900013,29.361866],[100.916602,29.355747],[100.916878,29.351176],[100.900099,29.337529],[100.891752,29.324369],[100.893354,29.311854],[100.879951,29.289517],[100.886591,29.277765],[100.886229,29.261844],[100.905384,29.264859],[100.902365,29.251726],[100.884115,29.23276],[100.884494,29.226782],[100.877486,29.217949],[100.88887,29.199631],[100.892447,29.183618],[100.90626,29.171384],[100.923212,29.133114],[100.911215,29.135356],[100.894889,29.151745],[100.875698,29.149445],[100.844532,29.117126],[100.829614,29.111694],[100.808858,29.112936],[100.790789,29.108073],[100.77135,29.092161],[100.769564,29.070104],[100.781295,29.058983],[100.789658,29.057355],[100.80352,29.064245],[100.815135,29.05996],[100.832055,29.06077],[100.843392,29.037058],[100.845929,29.025435],[100.833069,29.018511],[100.823138,29.006904],[100.821497,28.997124],[100.814039,28.992051],[100.796591,28.991961],[100.793249,28.999747],[100.776937,29.013715],[100.77123,29.008343],[100.751632,29.015745],[100.743011,29.007525],[100.730893,29.012419],[100.718588,29.011553],[100.698467,28.999722],[100.687346,29.003839],[100.678773,29.018099],[100.656727,29.022939],[100.652028,29.021578],[100.659091,29.005618],[100.627788,28.991386],[100.623204,28.984508],[100.625132,28.978026],[100.613474,28.960215],[100.592542,28.960179],[100.565668,28.946777],[100.543565,28.959138],[100.519805,28.953454],[100.519349,28.957767],[100.541388,28.974732],[100.569203,29.018051],[100.580462,29.023977],[100.614155,29.029075],[100.608421,29.051649],[100.598108,29.057059],[100.579623,29.081327],[100.572365,29.079329],[100.566536,29.083245],[100.56531,29.093829],[100.550864,29.103396],[100.534567,29.124239],[100.530405,29.141382],[100.513039,29.143043],[100.503193,29.150625],[100.49404,29.151385],[100.470152,29.146172],[100.459756,29.138782],[100.434453,29.150922],[100.398365,29.216491],[100.384868,29.233008],[100.341957,29.255217],[100.329688,29.271149],[100.2893,29.292613],[100.290413,29.315063],[100.269317,29.328736],[100.20514,29.428392],[100.18602,29.440506],[100.141694,29.516213],[100.106154,29.608308],[100.091934,29.631953],[100.057192,29.668021],[100.032215,29.677855],[100.020764,29.704286],[99.998972,29.708716],[99.99218,29.705581],[99.980296,29.685603],[99.966475,29.676877],[99.893468,29.658686],[99.871725,29.646116],[99.880942,29.641141],[99.886282,29.63123],[99.870301,29.618456],[99.87907,29.579822],[99.881337,29.543824],[99.852787,29.486961],[99.850533,29.491452],[99.832985,29.492083],[99.81892,29.498699],[99.786638,29.496913],[99.781974,29.503701],[99.767496,29.498319],[99.754342,29.503973],[99.734506,29.528109],[99.735066,29.549887],[99.719719,29.562613],[99.717581,29.5788],[99.706533,29.590898],[99.704,29.600217],[99.682063,29.602899],[99.667488,29.612443],[99.661165,29.625225],[99.662694,29.63382],[99.655218,29.639925],[99.645178,29.644534],[99.626112,29.645182],[99.597873,29.626994],[99.58692,29.634904],[99.587507,29.640436],[99.562704,29.680585],[99.547167,29.735594],[99.562084,29.747341],[99.556847,29.759216],[99.578861,29.789428],[99.607912,29.809194],[99.604824,29.818775],[99.576655,29.844284],[99.568665,29.840858],[99.560183,29.844565],[99.565254,29.865038],[99.562932,29.887704],[99.584394,29.909553],[99.60302,29.917057],[99.596188,29.923616],[99.587606,29.9223],[99.581418,29.931322],[99.58091,29.949562],[99.570841,29.947565],[99.562506,29.960396],[99.565857,29.97254],[99.556648,29.989238],[99.558596,29.993506],[99.566558,29.993248],[99.57093,30.000174],[99.577063,30.028756],[99.571157,30.03217],[99.577317,30.044339],[99.57186,30.052578],[99.573524,30.062425],[99.568074,30.076073],[99.580906,30.089172],[99.59691,30.089123],[99.601627,30.099303],[99.59913,30.106717],[99.619696,30.127255],[99.598462,30.15129],[99.587791,30.156894],[99.586332,30.177688],[99.666178,30.253273],[99.696245,30.289838],[99.713665,30.319742],[99.712115,30.330592],[99.70683,30.334724],[99.688485,30.336944],[99.627396,30.360841],[99.61696,30.37009],[99.627233,30.38049],[99.632835,30.399845],[99.612627,30.428455],[99.603481,30.457949],[99.635453,30.48347],[99.621063,30.527939],[99.627311,30.542845],[99.641182,30.548621],[99.64775,30.563144],[99.633787,30.573324],[99.631759,30.586683],[99.645455,30.590313],[99.678488,30.611457],[99.71375,30.598677],[99.721216,30.606054],[99.733048,30.605713],[99.741047,30.625344],[99.739555,30.670097],[99.751529,30.676129],[99.74873,30.701312],[99.762461,30.704286],[99.780079,30.690319],[99.79199,30.656465],[99.801796,30.65049],[99.810034,30.654487],[99.81818,30.651701],[99.813862,30.643848],[99.817321,30.635199],[99.830144,30.633277],[99.843992,30.621898],[99.856384,30.621195],[99.864869,30.615951],[99.873477,30.615805],[99.899262,30.640472],[99.916581,30.649587],[99.941157,30.640861],[99.946473,30.635014],[99.964469,30.635307],[99.990389,30.620147],[100.00476,30.620271],[100.010031,30.637005],[100.002584,30.653805],[100.011998,30.662537],[100.02482,30.660036],[100.033201,30.669307],[100.049936,30.675584],[100.057452,30.667288],[100.091043,30.662858],[100.108102,30.642215],[100.113797,30.627866],[100.113205,30.604948],[100.117743,30.598714],[100.16022,30.595322],[100.165912,30.590962],[100.161717,30.578698],[100.155789,30.57552],[100.154485,30.563116],[100.162771,30.538421],[100.174573,30.534591],[100.173203,30.523075],[100.189387,30.511712],[100.199182,30.51923],[100.219289,30.515135],[100.241443,30.533083],[100.264312,30.539773],[100.2953,30.533481],[100.305404,30.527418],[100.333412,30.528653],[100.35939,30.517755],[100.415268,30.516599],[100.420586,30.513376],[100.426301,30.48883],[100.440957,30.469242],[100.453877,30.464018],[100.464382,30.443964],[100.483009,30.450505],[100.499633,30.448109],[100.517444,30.436156],[100.54127,30.440849],[100.574721,30.439455],[100.58321,30.423997],[100.591911,30.419088],[100.606535,30.423642],[100.608516,30.432794],[100.616022,30.421013]]]]},"properties":{"name":"理塘县","gb":"156513334","valid_cells":13998,"valid_area_km2":13998.0,"level_1_cells":181,"level_2_cells":411,"level_3_cells":13406,"level_1_area_km2":181.0,"level_2_area_km2":411.0,"level_3_area_km2":13406.0,"level_1_share":0.012930418631233034,"level_2_share":0.029361337333904843,"level_3_share":0.9577082440348621,"tdpi_high_cells":352,"tdpi_high_area_km2":352.0,"tdpi_high_share":0.025146449492784682,"priority_index":0.09751393056150878,"ranking_area_threshold_km2":100.0,"ranking_eligible":1,"rank":9}},{"type":"Feature","geometry":{"type":"MultiPolygon","coordinates":[[[[103.605453,33.718018],[103.622955,33.711838],[103.660026,33.720074],[103.664146,33.714928],[103.646645,33.700508],[103.655907,33.690212],[103.665176,33.687122],[103.695038,33.689182],[103.766243,33.660385],[103.78376,33.662941],[103.805473,33.674954],[103.85939,33.683994],[103.92453,33.681473],[103.968643,33.672218],[103.986717,33.674751],[104.010696,33.684925],[104.046238,33.687409],[104.076446,33.678207],[104.100845,33.66499],[104.166824,33.610783],[104.171547,33.590668],[104.153732,33.557224],[104.152626,33.541855],[104.168503,33.510185],[104.178139,33.474773],[104.186836,33.462273],[104.207558,33.45105],[104.215386,33.441059],[104.217377,33.402805],[104.244453,33.40403],[104.264328,33.393478],[104.293137,33.334663],[104.329483,33.33643],[104.371185,33.346489],[104.422884,33.325756],[104.427879,33.321156],[104.408317,33.319836],[104.400391,33.313892],[104.408882,33.28474],[104.405769,33.283043],[104.373451,33.302734],[104.342316,33.300579],[104.32161,33.314342],[104.313698,33.312881],[104.303459,33.302917],[104.325104,33.244476],[104.329986,33.209923],[104.35521,33.146698],[104.375092,33.110924],[104.359818,33.091744],[104.354935,33.070835],[104.334503,33.051369],[104.332977,33.043789],[104.342651,33.034725],[104.35743,33.030296],[104.388672,33.037262],[104.399338,33.034851],[104.418259,33.0261],[104.424118,33.016304],[104.418213,33.010056],[104.380806,32.996159],[104.376282,32.988548],[104.375664,32.955082],[104.363823,32.945564],[104.336647,32.941841],[104.301178,32.947189],[104.285469,32.94175],[104.272249,32.892786],[104.245897,32.87964],[104.23853,32.883643],[104.235462,32.892593],[104.216157,32.898701],[104.21467,32.910746],[104.207636,32.918429],[104.201308,32.921526],[104.190146,32.919392],[104.144122,32.972707],[104.11257,32.990888],[104.108706,33.003011],[104.0978,33.006185],[104.095124,33.000707],[104.086799,33.000445],[104.061903,33.009704],[104.011885,33.044195],[104.002053,33.044751],[103.986032,33.037897],[103.97767,33.026667],[103.979816,33.010433],[103.970375,33.007717],[103.976145,32.999635],[103.97675,32.987041],[103.968596,32.979636],[103.961372,32.959169],[103.967105,32.950782],[103.95821,32.942504],[103.965142,32.925071],[103.952868,32.909129],[103.92177,32.921566],[103.916862,32.912432],[103.905062,32.906115],[103.885272,32.908987],[103.890647,32.924176],[103.875283,32.934297],[103.87834,32.943451],[103.867544,32.949916],[103.855763,32.949482],[103.83567,32.973206],[103.817752,33.003859],[103.818881,33.01162],[103.801017,33.024983],[103.797718,33.050715],[103.783186,33.04612],[103.740808,33.045494],[103.733566,33.039115],[103.720299,33.037635],[103.718068,33.043276],[103.680461,33.056122],[103.669104,33.065341],[103.666579,33.076493],[103.670984,33.10214],[103.657383,33.117365],[103.641299,33.125097],[103.638358,33.141402],[103.618557,33.147088],[103.613617,33.14085],[103.584003,33.126554],[103.571683,33.140189],[103.575201,33.148469],[103.555815,33.15403],[103.537248,33.144801],[103.538287,33.133636],[103.514197,33.11432],[103.502286,33.139653],[103.492549,33.138863],[103.485353,33.144518],[103.489177,33.157517],[103.484425,33.163609],[103.46495,33.171813],[103.460467,33.180765],[103.462604,33.208096],[103.455855,33.218031],[103.456758,33.225433],[103.466593,33.245453],[103.487681,33.243689],[103.504033,33.248143],[103.506212,33.259508],[103.500436,33.276361],[103.516095,33.287382],[103.512829,33.296942],[103.516441,33.30944],[103.525123,33.313384],[103.514465,33.336548],[103.507202,33.341534],[103.508793,33.359841],[103.519054,33.367173],[103.51988,33.380973],[103.537886,33.408723],[103.568717,33.431873],[103.565173,33.442545],[103.570197,33.449924],[103.582463,33.452042],[103.607174,33.465805],[103.607546,33.478744],[103.618471,33.491065],[103.61764,33.506683],[103.636979,33.521607],[103.636627,33.529151],[103.623789,33.549101],[103.612081,33.543023],[103.595299,33.541297],[103.581955,33.531027],[103.557418,33.523361],[103.542403,33.525167],[103.533627,33.532359],[103.522202,33.555494],[103.492653,33.572084],[103.481112,33.571316],[103.475741,33.594551],[103.483324,33.602068],[103.487801,33.620107],[103.500683,33.627959],[103.500459,33.641666],[103.519086,33.66015],[103.518738,33.680039],[103.534485,33.672703],[103.548103,33.677521],[103.562027,33.703884],[103.572495,33.707718],[103.582794,33.723164],[103.594124,33.729343],[103.605453,33.718018]]]]},"properties":{"name":"九寨沟县","gb":"156513225","valid_cells":5235,"valid_area_km2":5235.0,"level_1_cells":78,"level_2_cells":98,"level_3_cells":5059,"level_1_area_km2":78.0,"level_2_area_km2":98.0,"level_3_area_km2":5059.0,"level_1_share":0.01489971346704871,"level_2_share":0.018720152817574023,"level_3_share":0.9663801337153772,"tdpi_high_cells":136,"tdpi_high_area_km2":136.0,"tdpi_high_share":0.02597898758357211,"priority_index":0.08213944603629417,"ranking_area_threshold_km2":100.0,"ranking_eligible":1,"rank":10}},{"type":"Feature","geometry":{"type":"MultiPolygon","coordinates":[[[[103.811975,32.112766],[103.810565,32.105367],[103.822851,32.076344],[103.821582,32.069847],[103.814148,32.056322],[103.791541,32.048152],[103.790221,32.039498],[103.773299,32.014613],[103.757266,32.004334],[103.75371,31.970973],[103.746493,31.958828],[103.760672,31.947896],[103.773674,31.950313],[103.813036,31.943964],[103.839791,31.925346],[103.859298,31.920041],[103.873782,31.920266],[103.882439,31.931314],[103.900478,31.934683],[103.918051,31.945535],[103.941087,31.923884],[103.944988,31.909865],[103.95186,31.906822],[103.953254,31.884288],[103.964194,31.881838],[103.972088,31.859179],[103.989845,31.86518],[104.010079,31.864289],[104.016288,31.854841],[104.027654,31.848748],[104.04217,31.852569],[104.048792,31.849626],[104.057339,31.831539],[104.079617,31.840368],[104.12492,31.831339],[104.125,31.82416],[104.130692,31.817963],[104.142897,31.816073],[104.156512,31.821115],[104.155204,31.813068],[104.149352,31.810148],[104.152229,31.796067],[104.167344,31.781725],[104.171283,31.735529],[104.149868,31.730484],[104.140014,31.71529],[104.11651,31.708799],[104.111332,31.712802],[104.10156,31.710779],[104.094375,31.698081],[104.08085,31.69118],[104.0625,31.699746],[104.038385,31.699183],[104.027747,31.694614],[104.016006,31.680725],[103.992088,31.686797],[103.982403,31.682476],[103.959356,31.658174],[103.926825,31.642249],[103.927731,31.637591],[103.917074,31.623378],[103.922338,31.604671],[103.905349,31.566265],[103.912938,31.541029],[103.918961,31.540492],[103.897731,31.517662],[103.876263,31.529909],[103.868618,31.528726],[103.853326,31.542023],[103.840689,31.51561],[103.824916,31.510837],[103.817876,31.496883],[103.793592,31.476479],[103.800509,31.432367],[103.782982,31.436086],[103.743959,31.418217],[103.732733,31.422792],[103.698849,31.458307],[103.690119,31.474853],[103.691847,31.487921],[103.677874,31.530111],[103.671289,31.526539],[103.668316,31.516168],[103.656511,31.512441],[103.639238,31.526901],[103.630029,31.526478],[103.619498,31.546029],[103.615661,31.566186],[103.608207,31.571791],[103.606383,31.585972],[103.614926,31.59208],[103.619864,31.609615],[103.636583,31.624765],[103.645031,31.64592],[103.645959,31.654982],[103.638519,31.671225],[103.616502,31.673509],[103.602521,31.670334],[103.594347,31.690956],[103.549673,31.715113],[103.5324,31.712331],[103.515971,31.719524],[103.500286,31.71161],[103.499631,31.70587],[103.474756,31.69752],[103.465235,31.713369],[103.444341,31.722906],[103.437623,31.749718],[103.402365,31.753003],[103.379982,31.759093],[103.362526,31.769292],[103.342314,31.762406],[103.311693,31.742258],[103.300224,31.75758],[103.274257,31.767327],[103.255631,31.765039],[103.237515,31.75224],[103.205873,31.755123],[103.197389,31.76616],[103.182258,31.765546],[103.164708,31.772485],[103.139365,31.813481],[103.117639,31.804078],[103.100973,31.813022],[103.082776,31.808191],[103.05433,31.812582],[103.029068,31.829514],[103.035768,31.854565],[103.00837,31.851788],[102.991185,31.87261],[102.965628,31.86514],[102.96004,31.858478],[102.947075,31.86635],[102.940217,31.877531],[102.949301,31.884922],[102.973752,31.927109],[102.992702,31.923007],[103.01544,31.931831],[103.025521,31.943527],[103.04192,31.95213],[103.091037,31.959612],[103.09725,31.965921],[103.117242,31.962152],[103.136295,31.972452],[103.141458,31.964065],[103.160697,31.954639],[103.163099,31.947418],[103.181786,31.932177],[103.218457,31.933857],[103.244881,31.913846],[103.250733,31.912086],[103.26143,31.917397],[103.299356,31.890652],[103.314395,31.892725],[103.333548,31.904893],[103.350194,31.89209],[103.36945,31.888432],[103.406586,31.900194],[103.416567,31.890175],[103.445452,31.900448],[103.478655,31.89733],[103.486201,31.905027],[103.48675,31.919291],[103.471758,31.939207],[103.49969,31.985795],[103.4893,32.027432],[103.499374,32.040477],[103.485066,32.04331],[103.466082,32.077854],[103.44029,32.090048],[103.444035,32.110533],[103.433205,32.12517],[103.421555,32.128361],[103.417958,32.139567],[103.384702,32.149233],[103.386362,32.158054],[103.36963,32.17293],[103.376458,32.189386],[103.397977,32.18852],[103.410908,32.206214],[103.419761,32.206791],[103.427931,32.213515],[103.433201,32.231258],[103.460698,32.251223],[103.4715,32.264992],[103.499016,32.257864],[103.524157,32.233158],[103.540251,32.253719],[103.552965,32.243935],[103.598667,32.23452],[103.608205,32.228885],[103.62097,32.240802],[103.639023,32.242343],[103.651369,32.232158],[103.65848,32.218865],[103.671857,32.165063],[103.676439,32.15973],[103.714475,32.146014],[103.730249,32.145726],[103.737783,32.152658],[103.754357,32.1434],[103.769462,32.143498],[103.811975,32.112766]]]]},"properties":{"name":"茂县","gb":"156513223","valid_cells":3856,"valid_area_km2":3856.0,"level_1_cells":52,"level_2_cells":76,"level_3_cells":3728,"level_1_area_km2":52.0,"level_2_area_km2":76.0,"level_3_area_km2":3728.0,"level_1_share":0.013485477178423237,"level_2_share":0.01970954356846473,"level_3_share":0.966804979253112,"tdpi_high_cells":93,"tdpi_high_area_km2":93.0,"tdpi_high_share":0.02411825726141079,"priority_index":0.07987551867219916,"ranking_area_threshold_km2":100.0,"ranking_eligible":1,"rank":11}},{"type":"Feature","geometry":{"type":"MultiPolygon","coordinates":[[[[102.915071,34.311009],[102.925239,34.309345],[102.947594,34.293556],[102.956398,34.268532],[102.975372,34.254044],[102.978203,34.24287],[102.971878,34.214996],[102.980171,34.197067],[103.008179,34.184826],[103.078598,34.18607],[103.107002,34.178398],[103.120934,34.1647],[103.128082,34.146965],[103.125046,34.118248],[103.167442,34.093655],[103.167992,34.084042],[103.161842,34.077042],[103.13337,34.069363],[103.12233,34.059971],[103.128441,34.048862],[103.145531,34.037273],[103.152847,34.006027],[103.146812,33.995132],[103.12117,33.976505],[103.116036,33.963562],[103.117554,33.949154],[103.126755,33.935814],[103.135704,33.931183],[103.162437,33.930805],[103.168915,33.925888],[103.178947,33.902248],[103.162369,33.856071],[103.149269,33.832886],[103.150147,33.811813],[103.201836,33.793358],[103.224655,33.79496],[103.248558,33.815285],[103.273667,33.809307],[103.27964,33.80333],[103.282036,33.791374],[103.277252,33.774639],[103.304359,33.75489],[103.332161,33.743515],[103.383392,33.749123],[103.40818,33.747051],[103.429215,33.752243],[103.462006,33.80394],[103.483032,33.81004],[103.512466,33.810089],[103.526619,33.793369],[103.528015,33.751732],[103.545067,33.74099],[103.54145,33.720844],[103.527382,33.70245],[103.518738,33.680039],[103.519086,33.66015],[103.500459,33.641666],[103.500683,33.627959],[103.487801,33.620107],[103.483324,33.602068],[103.475741,33.594551],[103.481112,33.571316],[103.492653,33.572084],[103.522202,33.555494],[103.533627,33.532359],[103.542403,33.525167],[103.557418,33.523361],[103.581955,33.531027],[103.595299,33.541297],[103.612081,33.543023],[103.623789,33.549101],[103.636627,33.529151],[103.636979,33.521607],[103.61764,33.506683],[103.618471,33.491065],[103.607546,33.478744],[103.607174,33.465805],[103.582463,33.452042],[103.570197,33.449924],[103.565173,33.442545],[103.568717,33.431873],[103.537886,33.408723],[103.51988,33.380973],[103.519054,33.367173],[103.508793,33.359841],[103.507202,33.341534],[103.514465,33.336548],[103.525123,33.313384],[103.516441,33.30944],[103.512829,33.296942],[103.516095,33.287382],[103.500436,33.276361],[103.506212,33.259508],[103.504033,33.248143],[103.487681,33.243689],[103.466593,33.245453],[103.456758,33.225433],[103.455855,33.218031],[103.462604,33.208096],[103.460467,33.180765],[103.46495,33.171813],[103.484425,33.163609],[103.489177,33.157517],[103.485353,33.144518],[103.492549,33.138863],[103.487503,33.130879],[103.466741,33.121778],[103.458779,33.100477],[103.451466,33.09506],[103.394001,33.085036],[103.375786,33.048765],[103.380422,33.028192],[103.375603,33.021465],[103.334568,33.021115],[103.346049,33.075983],[103.341353,33.089182],[103.326717,33.096208],[103.317876,33.108172],[103.30183,33.114968],[103.293377,33.124721],[103.264499,33.128426],[103.253219,33.145701],[103.201138,33.156754],[103.182562,33.169003],[103.172097,33.225204],[103.159903,33.25906],[103.120781,33.261351],[103.096086,33.25626],[103.088448,33.264578],[103.091094,33.274117],[103.081685,33.282357],[103.071765,33.28444],[103.062168,33.297991],[103.013289,33.302743],[102.913039,33.296434],[102.887251,33.305782],[102.876783,33.320268],[102.866699,33.321919],[102.836637,33.310916],[102.809482,33.317797],[102.787441,33.318156],[102.751374,33.298493],[102.737224,33.283405],[102.721474,33.278764],[102.712981,33.265896],[102.702084,33.258583],[102.689245,33.26444],[102.672601,33.251987],[102.668378,33.260057],[102.663215,33.260055],[102.642868,33.249137],[102.630668,33.233112],[102.623783,33.2111],[102.629218,33.19874],[102.622505,33.186441],[102.587543,33.184602],[102.583415,33.187412],[102.56967,33.183768],[102.577033,33.192685],[102.573544,33.197544],[102.567986,33.19495],[102.563546,33.183239],[102.548644,33.195526],[102.549938,33.200003],[102.560897,33.201493],[102.543273,33.206425],[102.541474,33.210732],[102.549642,33.221871],[102.538862,33.214276],[102.526397,33.217014],[102.528035,33.221134],[102.538955,33.223325],[102.541666,33.229787],[102.533839,33.237351],[102.523177,33.229794],[102.517975,33.230673],[102.521123,33.239256],[102.53213,33.240367],[102.528284,33.248856],[102.506078,33.247737],[102.49453,33.219581],[102.487328,33.215805],[102.425932,33.238699],[102.410322,33.240798],[102.393591,33.251686],[102.379262,33.243528],[102.37981,33.23171],[102.366718,33.231446],[102.357401,33.240169],[102.335288,33.2402],[102.327469,33.246189],[102.328293,33.264556],[102.308158,33.273354],[102.299999,33.271922],[102.302203,33.26534],[102.287377,33.258093],[102.266323,33.268345],[102.263707,33.282143],[102.244046,33.277394],[102.245282,33.290089],[102.222056,33.281048],[102.221364,33.287017],[102.226165,33.291212],[102.223174,33.307043],[102.213818,33.319414],[102.202065,33.321201],[102.185585,33.327679],[102.178146,33.335789],[102.215057,33.357723],[102.221779,33.371433],[102.221642,33.385796],[102.247841,33.396877],[102.251862,33.411274],[102.260551,33.419754],[102.26973,33.413181],[102.293922,33.413723],[102.309509,33.402775],[102.35463,33.393227],[102.385712,33.402935],[102.394989,33.421959],[102.413513,33.432144],[102.43972,33.455288],[102.45771,33.453407],[102.450966,33.469078],[102.45623,33.472954],[102.468224,33.46191],[102.477119,33.464355],[102.454102,33.484203],[102.456253,33.502319],[102.447479,33.525475],[102.44986,33.536068],[102.465202,33.533379],[102.472176,33.540302],[102.467354,33.551495],[102.44799,33.568405],[102.44252,33.579876],[102.41143,33.582603],[102.380661,33.604134],[102.352844,33.608627],[102.337158,33.61697],[102.330582,33.630646],[102.330566,33.642303],[102.313856,33.671984],[102.319359,33.695744],[102.338974,33.725632],[102.339035,33.735268],[102.323784,33.740822],[102.31739,33.737255],[102.313179,33.724106],[102.303444,33.71471],[102.287704,33.718384],[102.28376,33.724972],[102.289802,33.738945],[102.316101,33.747948],[102.320023,33.758919],[102.30043,33.782707],[102.293823,33.785507],[102.235168,33.791737],[102.233208,33.80024],[102.261116,33.822659],[102.253731,33.853565],[102.222557,33.882664],[102.189667,33.924889],[102.136292,33.966892],[102.145889,33.978851],[102.171921,33.983223],[102.175804,33.975029],[102.188835,33.984901],[102.204063,33.966644],[102.22139,33.961014],[102.232994,33.965046],[102.240715,33.977264],[102.256241,33.971592],[102.261169,33.986763],[102.270033,33.991539],[102.27636,33.991619],[102.289322,33.981365],[102.308784,33.993843],[102.316902,33.994022],[102.307434,33.979507],[102.311256,33.972813],[102.327225,33.981449],[102.361603,33.973019],[102.376099,33.977238],[102.385803,33.973446],[102.397324,34.027988],[102.411713,34.049],[102.421349,34.08662],[102.425896,34.090408],[102.446106,34.088863],[102.469261,34.074558],[102.515106,34.08902],[102.558487,34.08963],[102.566688,34.099701],[102.591309,34.102684],[102.60846,34.101566],[102.642296,34.082764],[102.656082,34.083096],[102.658714,34.086826],[102.654144,34.115147],[102.635063,34.131878],[102.597794,34.147247],[102.603195,34.158611],[102.623818,34.169205],[102.639015,34.169113],[102.643448,34.184811],[102.653114,34.192837],[102.691765,34.202015],[102.697395,34.215214],[102.719101,34.235443],[102.735321,34.238731],[102.775177,34.237434],[102.780373,34.246532],[102.779938,34.259529],[102.792882,34.276014],[102.808067,34.279457],[102.8461,34.275272],[102.853912,34.281635],[102.858444,34.304203],[102.865059,34.313522],[102.890419,34.316605],[102.915071,34.311009]]]]},"properties":{"name":"若尔盖县","gb":"156513232","valid_cells":10249,"valid_area_km2":10249.0,"level_1_cells":126,"level_2_cells":217,"level_3_cells":9906,"level_1_area_km2":126.0,"level_2_area_km2":217.0,"level_3_area_km2":9906.0,"level_1_share":0.012293882329983413,"level_2_share":0.021172797346082545,"level_3_share":0.966533320323934,"tdpi_high_cells":139,"tdpi_high_area_km2":139.0,"tdpi_high_share":0.013562298760854718,"priority_index":0.07922724168211533,"ranking_area_threshold_km2":100.0,"ranking_eligible":1,"rank":12}},{"type":"Feature","geometry":{"type":"MultiPolygon","coordinates":[[[[101.45527,31.305709],[101.460103,31.308626],[101.464935,31.303537],[101.455269,31.282575],[101.478172,31.273144],[101.489439,31.259348],[101.49061,31.248246],[101.465922,31.248383],[101.455448,31.225271],[101.454557,31.204455],[101.428028,31.19299],[101.435447,31.17653],[101.433753,31.166572],[101.422361,31.158025],[101.42619,31.114962],[101.389773,31.098067],[101.393548,31.085535],[101.358111,31.077031],[101.343492,31.053778],[101.328248,31.056921],[101.301619,31.045085],[101.300436,31.036666],[101.320246,31.02327],[101.332042,30.984519],[101.354027,30.983778],[101.370562,30.990821],[101.377604,30.987132],[101.377373,30.977467],[101.387727,30.956327],[101.385319,30.931307],[101.393155,30.923419],[101.409896,30.926129],[101.417011,30.9184],[101.434009,30.914163],[101.444491,30.938047],[101.441561,30.967382],[101.447398,30.978849],[101.455908,30.982842],[101.464239,30.97721],[101.479275,30.976176],[101.485498,30.963728],[101.524086,30.926719],[101.549816,30.919339],[101.574735,30.925213],[101.596346,30.902941],[101.616656,30.894532],[101.632617,30.865949],[101.626624,30.847983],[101.630866,30.83359],[101.628181,30.811162],[101.62009,30.796829],[101.620615,30.78049],[101.593084,30.777471],[101.581721,30.756237],[101.579891,30.740083],[101.584611,30.724628],[101.570434,30.678029],[101.581396,30.656926],[101.581814,30.633],[101.573787,30.613787],[101.578018,30.609462],[101.577397,30.597499],[101.584589,30.589387],[101.612689,30.57743],[101.616304,30.562108],[101.592664,30.54002],[101.623902,30.534161],[101.673619,30.501799],[101.693507,30.504037],[101.696834,30.489694],[101.687462,30.475442],[101.711321,30.458098],[101.713775,30.448598],[101.729238,30.433537],[101.741225,30.412997],[101.724145,30.416661],[101.704875,30.414742],[101.682525,30.421672],[101.672447,30.435816],[101.667248,30.452399],[101.660439,30.456121],[101.639768,30.441883],[101.628347,30.42382],[101.602202,30.417014],[101.598634,30.409109],[101.586297,30.402245],[101.581563,30.386766],[101.57594,30.382747],[101.555949,30.396442],[101.535426,30.403527],[101.520214,30.398582],[101.494626,30.430631],[101.479029,30.428943],[101.447729,30.434311],[101.430807,30.426668],[101.417683,30.404709],[101.407327,30.398245],[101.389826,30.396006],[101.37965,30.38837],[101.366105,30.386557],[101.360697,30.39291],[101.360896,30.404421],[101.344647,30.411503],[101.29376,30.385201],[101.265153,30.425573],[101.279126,30.450589],[101.247047,30.452491],[101.241095,30.464734],[101.21464,30.454325],[101.185303,30.435647],[101.165579,30.431104],[101.120691,30.455856],[101.118875,30.47192],[101.101031,30.482977],[101.097123,30.463665],[101.089199,30.455981],[101.071517,30.465137],[101.054477,30.455074],[101.053246,30.43874],[101.039668,30.417571],[100.998098,30.405909],[100.975665,30.425566],[100.951611,30.438527],[100.926747,30.465459],[100.909408,30.472798],[100.891872,30.497332],[100.86831,30.514403],[100.859419,30.531903],[100.864319,30.544585],[100.855024,30.549208],[100.853712,30.565745],[100.859995,30.573035],[100.876301,30.580232],[100.89734,30.600895],[100.893037,30.61694],[100.857508,30.658014],[100.846325,30.678331],[100.850981,30.685998],[100.863094,30.68796],[100.858771,30.709153],[100.890771,30.728456],[100.880248,30.760144],[100.893239,30.77311],[100.891078,30.794504],[100.883287,30.800344],[100.874829,30.79873],[100.862073,30.808481],[100.848166,30.806967],[100.837455,30.822532],[100.826189,30.825132],[100.820704,30.835053],[100.811706,30.833625],[100.798566,30.844229],[100.782018,30.845329],[100.778795,30.857216],[100.758397,30.867851],[100.751914,30.889713],[100.733553,30.890466],[100.723418,30.900654],[100.691187,30.896601],[100.691552,30.908317],[100.67416,30.918695],[100.669513,30.926251],[100.678663,30.943802],[100.669932,30.951674],[100.672343,30.961115],[100.663094,30.967517],[100.657977,30.981811],[100.668802,31.003275],[100.700518,31.042265],[100.674164,31.059639],[100.655266,31.06482],[100.639469,31.062242],[100.635228,31.066328],[100.646888,31.082697],[100.679177,31.10334],[100.692296,31.103103],[100.689387,31.096385],[100.694789,31.085557],[100.721964,31.077419],[100.734388,31.065194],[100.747573,31.042675],[100.762526,31.038403],[100.777029,31.014287],[100.810134,31.011237],[100.849614,31.027787],[100.851508,31.036818],[100.865431,31.045717],[100.871188,31.059753],[100.860549,31.070238],[100.857724,31.09767],[100.849562,31.112219],[100.849425,31.128253],[100.854076,31.13649],[100.865349,31.131152],[100.874659,31.135733],[100.879083,31.151733],[100.89254,31.162314],[100.89302,31.167323],[100.881716,31.180054],[100.883449,31.189532],[100.893941,31.19839],[100.918693,31.194384],[100.929628,31.210209],[100.960121,31.228492],[100.970131,31.285119],[101.007181,31.297938],[100.996442,31.335124],[101.006435,31.378146],[101.033025,31.39146],[101.042343,31.389114],[101.049829,31.380074],[101.063641,31.396793],[101.064566,31.40156],[101.04804,31.413695],[101.036534,31.439175],[101.030419,31.482242],[101.032947,31.485357],[101.040066,31.480534],[101.055063,31.480961],[101.062007,31.507097],[101.069158,31.514708],[101.079192,31.495381],[101.089769,31.49085],[101.103384,31.471959],[101.111365,31.472617],[101.146178,31.501134],[101.167278,31.498419],[101.170708,31.50468],[101.184326,31.51016],[101.199438,31.506988],[101.207447,31.510124],[101.213312,31.529056],[101.220485,31.536405],[101.241811,31.518462],[101.261549,31.469573],[101.258253,31.426989],[101.246959,31.415638],[101.242488,31.39945],[101.261971,31.381082],[101.283499,31.376828],[101.29838,31.360384],[101.318499,31.382497],[101.330264,31.386736],[101.334515,31.370735],[101.35155,31.371963],[101.382075,31.397724],[101.403853,31.399975],[101.409483,31.419251],[101.407382,31.432176],[101.413251,31.439303],[101.447767,31.436248],[101.459239,31.42304],[101.461902,31.410923],[101.454332,31.391337],[101.448948,31.392538],[101.422683,31.366441],[101.428199,31.355168],[101.424478,31.34653],[101.435687,31.323959],[101.435306,31.30991],[101.440057,31.298944],[101.448742,31.295245],[101.45527,31.305709]]]]},"properties":{"name":"道孚县","gb":"156513326","valid_cells":7020,"valid_area_km2":7020.0,"level_1_cells":89,"level_2_cells":137,"level_3_cells":6794,"level_1_area_km2":89.0,"level_2_area_km2":137.0,"level_3_area_km2":6794.0,"level_1_share":0.012678062678062678,"level_2_share":0.019515669515669517,"level_3_share":0.9678062678062678,"tdpi_high_cells":145,"tdpi_high_area_km2":145.0,"tdpi_high_share":0.020655270655270654,"priority_index":0.07706552706552706,"ranking_area_threshold_km2":100.0,"ranking_eligible":1,"rank":13}},{"type":"Feature","geometry":{"type":"MultiPolygon","coordinates":[[[[103.952868,32.909129],[103.957253,32.892904],[103.963721,32.886629],[103.973206,32.888836],[103.992623,32.880623],[103.989603,32.876246],[103.993274,32.860688],[103.97663,32.853151],[103.968301,32.840059],[103.988596,32.826525],[103.995996,32.816728],[104.029013,32.821932],[104.032245,32.835066],[104.047183,32.843978],[104.053096,32.840056],[104.064228,32.844074],[104.074722,32.858694],[104.102472,32.846719],[104.103856,32.805005],[104.119134,32.800651],[104.145693,32.765231],[104.146313,32.759372],[104.133714,32.746668],[104.130034,32.73276],[104.151545,32.713246],[104.160355,32.69295],[104.173042,32.685861],[104.178348,32.670936],[104.17548,32.606459],[104.165631,32.582465],[104.172677,32.533142],[104.16011,32.524928],[104.142269,32.486916],[104.145298,32.481716],[104.141998,32.476687],[104.126221,32.471248],[104.094358,32.470733],[104.115461,32.480622],[104.116576,32.487395],[104.129675,32.49395],[104.133223,32.52654],[104.081064,32.571211],[104.066564,32.603903],[104.068773,32.623685],[104.064451,32.632602],[104.032432,32.653404],[104.011923,32.642501],[103.989605,32.650294],[103.954981,32.641237],[103.919566,32.637938],[103.908599,32.644663],[103.88574,32.641703],[103.884177,32.631869],[103.850459,32.61605],[103.843187,32.587489],[103.851782,32.569632],[103.863202,32.558842],[103.87076,32.557245],[103.886799,32.526276],[103.90555,32.511174],[103.901273,32.496699],[103.905671,32.485033],[103.906214,32.456686],[103.913735,32.433347],[103.903884,32.423691],[103.900434,32.397843],[103.888759,32.379825],[103.889273,32.367272],[103.900813,32.34898],[103.892776,32.344729],[103.90897,32.33622],[103.922548,32.31973],[103.959904,32.307874],[103.979241,32.308517],[103.998826,32.292078],[104.005072,32.275891],[104.018606,32.271045],[104.024593,32.253355],[104.036189,32.24995],[104.0645,32.251707],[104.069881,32.24136],[104.084615,32.234239],[104.099661,32.234704],[104.126921,32.227102],[104.137857,32.241194],[104.159255,32.250071],[104.158794,32.263284],[104.172073,32.290375],[104.168742,32.302632],[104.176752,32.312297],[104.184226,32.311859],[104.184077,32.307456],[104.211378,32.299562],[104.206538,32.290308],[104.210676,32.279636],[104.242555,32.255231],[104.254795,32.217799],[104.222148,32.219441],[104.187501,32.203926],[104.176375,32.19652],[104.174559,32.190072],[104.161803,32.186152],[104.156673,32.17972],[104.153166,32.160087],[104.139075,32.150581],[104.147975,32.130847],[104.12552,32.143161],[104.108501,32.140753],[104.092017,32.129455],[104.076523,32.127565],[104.040357,32.134325],[103.993351,32.120071],[103.973007,32.14352],[103.956935,32.142065],[103.950407,32.148442],[103.938032,32.150784],[103.925058,32.146845],[103.89572,32.158215],[103.848903,32.164266],[103.857545,32.145068],[103.855516,32.130967],[103.850984,32.127457],[103.843696,32.132588],[103.826029,32.134285],[103.819846,32.116067],[103.811975,32.112766],[103.769462,32.143498],[103.754357,32.1434],[103.737783,32.152658],[103.730249,32.145726],[103.714475,32.146014],[103.676439,32.15973],[103.671857,32.165063],[103.65848,32.218865],[103.651369,32.232158],[103.639023,32.242343],[103.62097,32.240802],[103.608205,32.228885],[103.598667,32.23452],[103.552965,32.243935],[103.540251,32.253719],[103.524157,32.233158],[103.499016,32.257864],[103.4715,32.264992],[103.460698,32.251223],[103.433201,32.231258],[103.427931,32.213515],[103.419761,32.206791],[103.410908,32.206214],[103.397977,32.18852],[103.376458,32.189386],[103.375557,32.199405],[103.366398,32.210898],[103.358955,32.216192],[103.347724,32.212005],[103.343799,32.214294],[103.373238,32.268147],[103.378869,32.269984],[103.382349,32.277802],[103.378853,32.294304],[103.385733,32.311201],[103.382064,32.325899],[103.375728,32.328729],[103.373639,32.341635],[103.387539,32.363963],[103.368217,32.383668],[103.354988,32.408221],[103.349174,32.42757],[103.353683,32.441287],[103.343139,32.452745],[103.329758,32.455736],[103.325406,32.464518],[103.314769,32.541478],[103.309188,32.547871],[103.292986,32.55015],[103.285417,32.581435],[103.272247,32.585764],[103.252046,32.587334],[103.249108,32.575501],[103.254569,32.547665],[103.221967,32.514656],[103.22695,32.507938],[103.220544,32.4732],[103.181644,32.442865],[103.166869,32.418272],[103.131008,32.416204],[103.112189,32.402161],[103.098794,32.413193],[103.092341,32.413836],[103.070213,32.400516],[103.057771,32.422488],[103.035928,32.432125],[103.028372,32.444077],[103.02352,32.44456],[103.011322,32.428735],[102.995548,32.434414],[102.984949,32.432079],[102.96227,32.408078],[102.954666,32.406714],[102.947787,32.410705],[102.942166,32.407849],[102.930792,32.387607],[102.894969,32.390075],[102.879859,32.411669],[102.85994,32.399304],[102.850056,32.404466],[102.83914,32.401297],[102.83034,32.425779],[102.814626,32.416651],[102.805109,32.405006],[102.760363,32.387676],[102.758224,32.37886],[102.72545,32.37011],[102.715588,32.34566],[102.689776,32.339445],[102.690378,32.330923],[102.676677,32.319319],[102.661487,32.314359],[102.648804,32.313826],[102.637999,32.345417],[102.640252,32.35216],[102.65591,32.358626],[102.662405,32.377267],[102.675615,32.391325],[102.670062,32.406181],[102.683988,32.421075],[102.693541,32.42228],[102.710059,32.433802],[102.715874,32.440417],[102.718575,32.457204],[102.725937,32.462833],[102.734576,32.466888],[102.759903,32.463251],[102.769871,32.468194],[102.770595,32.477179],[102.786979,32.4771],[102.792445,32.481973],[102.786965,32.494896],[102.76833,32.508055],[102.800767,32.540053],[102.802897,32.567471],[102.822433,32.570755],[102.82956,32.578543],[102.825304,32.613444],[102.819062,32.617129],[102.811609,32.631998],[102.830016,32.647198],[102.82844,32.661086],[102.865232,32.677498],[102.87616,32.693031],[102.921689,32.700658],[102.930253,32.697996],[102.938446,32.712042],[102.949398,32.714334],[102.967426,32.735315],[102.951981,32.750051],[102.941737,32.751595],[102.937637,32.765245],[102.940181,32.781119],[102.932639,32.804887],[102.967071,32.828336],[102.966556,32.859054],[102.976341,32.871464],[102.994073,32.873803],[103.006929,32.863278],[103.016924,32.8902],[103.032631,32.904872],[103.040615,32.904084],[103.050354,32.894597],[103.061606,32.89388],[103.096763,32.913116],[103.10615,32.896638],[103.121649,32.886872],[103.120912,32.875103],[103.126424,32.867962],[103.162736,32.861698],[103.165478,32.844116],[103.173902,32.839084],[103.181642,32.841199],[103.196226,32.833285],[103.198501,32.827419],[103.20873,32.825922],[103.22267,32.8349],[103.231594,32.851143],[103.259617,32.855786],[103.270643,32.860889],[103.27642,32.869518],[103.295708,32.875477],[103.299683,32.916561],[103.281839,32.931613],[103.290677,32.933494],[103.306928,32.921909],[103.309757,32.935382],[103.303356,32.938299],[103.317539,32.976292],[103.315282,32.984017],[103.334527,33.002237],[103.339765,33.01503],[103.334568,33.021115],[103.375603,33.021465],[103.380422,33.028192],[103.375786,33.048765],[103.394001,33.085036],[103.451466,33.09506],[103.458779,33.100477],[103.466741,33.121778],[103.487503,33.130879],[103.492549,33.138863],[103.502286,33.139653],[103.514197,33.11432],[103.538287,33.133636],[103.537248,33.144801],[103.555815,33.15403],[103.575201,33.148469],[103.571683,33.140189],[103.584003,33.126554],[103.613617,33.14085],[103.618557,33.147088],[103.638358,33.141402],[103.641299,33.125097],[103.657383,33.117365],[103.670984,33.10214],[103.666579,33.076493],[103.669104,33.065341],[103.680461,33.056122],[103.718068,33.043276],[103.720299,33.037635],[103.733566,33.039115],[103.740808,33.045494],[103.783186,33.04612],[103.797718,33.050715],[103.801017,33.024983],[103.818881,33.01162],[103.817752,33.003859],[103.83567,32.973206],[103.855763,32.949482],[103.867544,32.949916],[103.87834,32.943451],[103.875283,32.934297],[103.890647,32.924176],[103.885272,32.908987],[103.905062,32.906115],[103.916862,32.912432],[103.92177,32.921566],[103.952868,32.909129]]]]},"properties":{"name":"松潘县","gb":"156513224","valid_cells":8311,"valid_area_km2":8311.0,"level_1_cells":77,"level_2_cells":171,"level_3_cells":8063,"level_1_area_km2":77.0,"level_2_area_km2":171.0,"level_3_area_km2":8063.0,"level_1_share":0.00926482974371315,"level_2_share":0.02057514137889544,"level_3_share":0.9701600288773914,"tdpi_high_cells":174,"tdpi_high_area_km2":174.0,"tdpi_high_share":0.02093610877150764,"priority_index":0.06894477198893034,"ranking_area_threshold_km2":100.0,"ranking_eligible":1,"rank":14}},{"type":"Feature","geometry":{"type":"MultiPolygon","coordinates":[[[[99.852787,29.486961],[99.850081,29.472696],[99.868455,29.447717],[99.862981,29.427204],[99.863833,29.413263],[99.869657,29.374228],[99.881769,29.334618],[99.878338,29.324905],[99.898725,29.319932],[99.938466,29.335017],[99.950799,29.317017],[99.962463,29.316625],[99.967994,29.289089],[99.984168,29.283495],[99.994025,29.27033],[99.989949,29.254918],[99.992482,29.245278],[100.006522,29.232095],[100.003966,29.219472],[100.02706,29.194675],[100.034503,29.170431],[100.032035,29.159493],[100.054616,29.121339],[100.053204,29.107097],[100.05984,29.087166],[100.057178,29.07001],[100.045992,29.055251],[100.050092,29.046995],[100.042686,29.044988],[100.039935,29.038342],[100.052889,29.026935],[100.057524,28.991551],[100.06425,28.986953],[100.068951,28.973661],[100.051046,28.960772],[100.062646,28.939683],[100.047825,28.913909],[100.037408,28.90292],[100.019943,28.903536],[100.01989,28.887623],[100.030493,28.874047],[100.034734,28.859848],[100.020481,28.837503],[100.02994,28.833181],[100.055348,28.841536],[100.061996,28.83359],[100.069961,28.832562],[100.075354,28.810777],[100.069364,28.799854],[100.058901,28.794427],[100.048908,28.79554],[100.041502,28.78451],[100.029917,28.783517],[100.024647,28.772285],[100.029275,28.766494],[100.026588,28.758265],[100.011961,28.746263],[99.984886,28.734018],[99.990306,28.714995],[100.014041,28.711215],[100.022289,28.70174],[100.020472,28.687001],[100.014574,28.677452],[100.022801,28.658338],[100.008934,28.652995],[100.012084,28.642429],[100.004518,28.623892],[99.978767,28.607399],[99.982629,28.590933],[99.960448,28.564186],[99.94252,28.586901],[99.908867,28.603182],[99.875885,28.613052],[99.87072,28.62504],[99.871857,28.634182],[99.867958,28.636839],[99.859825,28.638227],[99.839607,28.629505],[99.832359,28.667633],[99.794807,28.701446],[99.757317,28.702007],[99.747688,28.708513],[99.733582,28.732809],[99.728905,28.752209],[99.722839,28.839016],[99.717354,28.845156],[99.710747,28.84308],[99.68943,28.819489],[99.675461,28.815819],[99.648788,28.820578],[99.63073,28.819098],[99.621864,28.812735],[99.60836,28.775135],[99.611694,28.747765],[99.604874,28.733549],[99.595192,28.726067],[99.562744,28.716101],[99.57313,28.755146],[99.56543,28.757241],[99.55826,28.777338],[99.529323,28.778208],[99.495572,28.787106],[99.466057,28.764285],[99.458868,28.772243],[99.453972,28.794853],[99.432547,28.811222],[99.439391,28.834917],[99.450191,28.836338],[99.458846,28.846087],[99.45938,28.863387],[99.451615,28.868891],[99.449453,28.876252],[99.450812,28.900226],[99.457495,28.912857],[99.462342,28.916012],[99.471791,28.91162],[99.484844,28.916449],[99.489644,28.9492],[99.526715,28.970722],[99.55202,29.00757],[99.513047,29.032442],[99.50524,29.020533],[99.474231,29.031305],[99.474612,29.04452],[99.465577,29.049497],[99.451201,29.073684],[99.431146,29.089048],[99.450357,29.116894],[99.445821,29.127195],[99.430991,29.140281],[99.405519,29.1443],[99.384101,29.159172],[99.38432,29.177688],[99.372733,29.179718],[99.371568,29.184325],[99.371186,29.190751],[99.387395,29.210391],[99.384613,29.233585],[99.413635,29.280141],[99.430276,29.291685],[99.456037,29.325879],[99.451517,29.346035],[99.454973,29.376176],[99.441978,29.395547],[99.445519,29.402829],[99.422049,29.427149],[99.435012,29.45337],[99.427179,29.457054],[99.423232,29.466825],[99.426784,29.485648],[99.461843,29.507847],[99.499571,29.517932],[99.494968,29.541917],[99.481596,29.567847],[99.5148,29.588393],[99.522501,29.586952],[99.521021,29.598558],[99.525565,29.603309],[99.556686,29.59894],[99.573173,29.608914],[99.580698,29.619838],[99.593596,29.621794],[99.58692,29.634904],[99.597873,29.626994],[99.626112,29.645182],[99.645178,29.644534],[99.655218,29.639925],[99.662694,29.63382],[99.661165,29.625225],[99.667488,29.612443],[99.682063,29.602899],[99.704,29.600217],[99.706533,29.590898],[99.717581,29.5788],[99.719719,29.562613],[99.735066,29.549887],[99.734506,29.528109],[99.754342,29.503973],[99.767496,29.498319],[99.781974,29.503701],[99.786638,29.496913],[99.81892,29.498699],[99.832985,29.492083],[99.850533,29.491452],[99.852787,29.486961]]]]},"properties":{"name":"乡城县","gb":"156513336","valid_cells":4938,"valid_area_km2":4938.0,"level_1_cells":48,"level_2_cells":94,"level_3_cells":4796,"level_1_area_km2":48.0,"level_2_area_km2":94.0,"level_3_area_km2":4796.0,"level_1_share":0.009720534629404616,"level_2_share":0.019036046982584043,"level_3_share":0.9712434183880113,"tdpi_high_cells":60,"tdpi_high_area_km2":60.0,"tdpi_high_share":0.012150668286755772,"priority_index":0.06723369785338193,"ranking_area_threshold_km2":100.0,"ranking_eligible":1,"rank":15}},{"type":"Feature","geometry":{"type":"MultiPolygon","coordinates":[[[[99.371568,29.184325],[99.372733,29.179718],[99.38432,29.177688],[99.384101,29.159172],[99.405519,29.1443],[99.430991,29.140281],[99.445821,29.127195],[99.450357,29.116894],[99.431146,29.089048],[99.451201,29.073684],[99.465577,29.049497],[99.474612,29.04452],[99.474231,29.031305],[99.50524,29.020533],[99.513047,29.032442],[99.55202,29.00757],[99.526715,28.970722],[99.489644,28.9492],[99.484844,28.916449],[99.471791,28.91162],[99.462342,28.916012],[99.457495,28.912857],[99.450812,28.900226],[99.449453,28.876252],[99.451615,28.868891],[99.45938,28.863387],[99.458846,28.846087],[99.450191,28.836338],[99.439391,28.834917],[99.432547,28.811222],[99.453972,28.794853],[99.458868,28.772243],[99.466057,28.764285],[99.495572,28.787106],[99.529323,28.778208],[99.55826,28.777338],[99.56543,28.757241],[99.57313,28.755146],[99.562744,28.716101],[99.547081,28.695517],[99.534737,28.687513],[99.533104,28.679348],[99.540451,28.67445],[99.542091,28.666285],[99.540451,28.63199],[99.532288,28.619743],[99.495544,28.618927],[99.494728,28.604231],[99.463707,28.578102],[99.467331,28.565758],[99.46431,28.555603],[99.456604,28.551487],[99.433662,28.556776],[99.407562,28.554598],[99.400192,28.552076],[99.394875,28.539783],[99.395615,28.492889],[99.4105,28.481726],[99.417946,28.463116],[99.417946,28.455673],[99.404549,28.444508],[99.405289,28.435576],[99.41571,28.419945],[99.426132,28.419945],[99.435806,28.411013],[99.430603,28.397614],[99.419433,28.389425],[99.419433,28.373795],[99.404549,28.35593],[99.405602,28.331762],[99.397606,28.319406],[99.3965,28.310736],[99.420563,28.288467],[99.421433,28.275915],[99.405746,28.267113],[99.401764,28.248634],[99.390259,28.229816],[99.387795,28.195292],[99.396438,28.159909],[99.389023,28.164602],[99.382805,28.177973],[99.359138,28.186348],[99.339111,28.209768],[99.31234,28.218868],[99.306053,28.257872],[99.282295,28.262571],[99.288689,28.28651],[99.283264,28.301697],[99.256111,28.305983],[99.247139,28.311377],[99.234528,28.33193],[99.230507,28.354187],[99.205818,28.36644],[99.202202,28.382515],[99.188629,28.393003],[99.173439,28.415415],[99.172089,28.427338],[99.187698,28.444975],[99.184067,28.460361],[99.192223,28.496876],[99.173058,28.561691],[99.181595,28.589958],[99.169792,28.599051],[99.171379,28.615967],[99.162682,28.624784],[99.162834,28.633938],[99.147461,28.647882],[99.141365,28.672232],[99.130516,28.69298],[99.129105,28.702156],[99.135475,28.72496],[99.120041,28.75218],[99.107697,28.809574],[99.108978,28.856487],[99.129593,28.904745],[99.127663,28.929951],[99.131302,28.945013],[99.12281,28.999611],[99.123917,29.03508],[99.11402,29.071866],[99.14535,29.06742],[99.162936,29.056028],[99.190405,29.054036],[99.197342,29.047008],[99.213253,29.046778],[99.225525,29.051511],[99.232621,29.038441],[99.247115,29.036589],[99.25358,29.104687],[99.259694,29.11249],[99.272799,29.109742],[99.286398,29.11678],[99.287376,29.122881],[99.281736,29.125309],[99.281006,29.130752],[99.286568,29.145993],[99.286581,29.162813],[99.310234,29.157725],[99.314968,29.175486],[99.327586,29.186534],[99.331882,29.180169],[99.342563,29.176266],[99.355356,29.177622],[99.361542,29.185336],[99.371568,29.184325]]]]},"properties":{"name":"得荣县","gb":"156513338","valid_cells":2864,"valid_area_km2":2864.0,"level_1_cells":25,"level_2_cells":54,"level_3_cells":2785,"level_1_area_km2":25.0,"level_2_area_km2":54.0,"level_3_area_km2":2785.0,"level_1_share":0.008729050279329608,"level_2_share":0.018854748603351956,"level_3_share":0.9724162011173184,"tdpi_high_cells":28,"tdpi_high_area_km2":28.0,"tdpi_high_share":0.009776536312849162,"priority_index":0.06389664804469274,"ranking_area_threshold_km2":100.0,"ranking_eligible":1,"rank":16}},{"type":"Feature","geometry":{"type":"MultiPolygon","coordinates":[[[[103.334568,33.021115],[103.339765,33.01503],[103.334527,33.002237],[103.315282,32.984017],[103.317539,32.976292],[103.303356,32.938299],[103.309757,32.935382],[103.306928,32.921909],[103.290677,32.933494],[103.281839,32.931613],[103.299683,32.916561],[103.295708,32.875477],[103.27642,32.869518],[103.270643,32.860889],[103.259617,32.855786],[103.231594,32.851143],[103.22267,32.8349],[103.20873,32.825922],[103.198501,32.827419],[103.196226,32.833285],[103.181642,32.841199],[103.173902,32.839084],[103.165478,32.844116],[103.162736,32.861698],[103.126424,32.867962],[103.120912,32.875103],[103.121649,32.886872],[103.10615,32.896638],[103.096763,32.913116],[103.061606,32.89388],[103.050354,32.894597],[103.040615,32.904084],[103.032631,32.904872],[103.016924,32.8902],[103.006929,32.863278],[102.994073,32.873803],[102.976341,32.871464],[102.966556,32.859054],[102.967071,32.828336],[102.932639,32.804887],[102.940181,32.781119],[102.937637,32.765245],[102.941737,32.751595],[102.951981,32.750051],[102.967426,32.735315],[102.949398,32.714334],[102.938446,32.712042],[102.930253,32.697996],[102.921689,32.700658],[102.87616,32.693031],[102.865232,32.677498],[102.82844,32.661086],[102.830016,32.647198],[102.811609,32.631998],[102.819062,32.617129],[102.825304,32.613444],[102.82956,32.578543],[102.822433,32.570755],[102.802897,32.567471],[102.800767,32.540053],[102.76833,32.508055],[102.786965,32.494896],[102.792445,32.481973],[102.786979,32.4771],[102.770595,32.477179],[102.769871,32.468194],[102.759903,32.463251],[102.734576,32.466888],[102.725937,32.462833],[102.718575,32.457204],[102.715874,32.440417],[102.710059,32.433802],[102.693541,32.42228],[102.683988,32.421075],[102.670062,32.406181],[102.675615,32.391325],[102.662405,32.377267],[102.65591,32.358626],[102.640252,32.35216],[102.637999,32.345417],[102.648804,32.313826],[102.661487,32.314359],[102.665747,32.270542],[102.647907,32.255096],[102.629055,32.26633],[102.615176,32.260437],[102.612705,32.248748],[102.596639,32.230585],[102.600318,32.21419],[102.590262,32.197383],[102.592572,32.191383],[102.600314,32.188633],[102.611902,32.159266],[102.609526,32.141209],[102.623743,32.139637],[102.630849,32.112194],[102.639053,32.10457],[102.647862,32.07654],[102.660696,32.060816],[102.659619,32.047134],[102.670202,32.043173],[102.673852,32.036519],[102.674134,32.014329],[102.668959,32.008334],[102.675373,31.979114],[102.688452,31.9666],[102.674562,31.924852],[102.675721,31.893719],[102.67986,31.885128],[102.678459,31.861646],[102.673106,31.852154],[102.671802,31.878195],[102.659563,31.892068],[102.654536,31.912798],[102.65794,31.921103],[102.651175,31.924734],[102.643079,31.954803],[102.636044,31.961104],[102.602972,31.95458],[102.576144,31.934845],[102.568286,31.941524],[102.567749,31.956486],[102.54967,31.971901],[102.53115,32.001911],[102.513435,32.006245],[102.49162,32.02039],[102.472671,32.011958],[102.464925,32.014477],[102.464701,32.046932],[102.482807,32.049115],[102.487803,32.055092],[102.487296,32.070443],[102.47086,32.097113],[102.470028,32.10721],[102.450778,32.117997],[102.439574,32.117096],[102.440251,32.131194],[102.428472,32.138044],[102.406319,32.135595],[102.390894,32.148247],[102.38785,32.167398],[102.371327,32.15977],[102.362234,32.162436],[102.364171,32.169802],[102.349676,32.180063],[102.366718,32.198914],[102.355977,32.226328],[102.339592,32.234856],[102.315579,32.240164],[102.307704,32.237682],[102.296469,32.22511],[102.292493,32.227452],[102.291137,32.241806],[102.277357,32.254616],[102.257668,32.242728],[102.258017,32.27359],[102.250236,32.290207],[102.24597,32.315779],[102.236493,32.320486],[102.227493,32.319561],[102.219283,32.301959],[102.210846,32.311941],[102.192645,32.320173],[102.179702,32.319779],[102.173165,32.314797],[102.170396,32.303602],[102.153465,32.306364],[102.149011,32.294467],[102.139726,32.292912],[102.133133,32.30471],[102.113458,32.302686],[102.113017,32.313341],[102.098642,32.320523],[102.08945,32.341273],[102.066073,32.35224],[102.051559,32.349511],[102.036202,32.337907],[102.028406,32.351159],[102.004386,32.347666],[101.975219,32.362025],[101.957556,32.35465],[101.962948,32.340535],[101.985297,32.330515],[101.96638,32.315946],[101.957085,32.285137],[101.952833,32.284436],[101.939685,32.291195],[101.91387,32.290332],[101.886106,32.311354],[101.869956,32.297156],[101.855483,32.302863],[101.862229,32.325525],[101.857292,32.332016],[101.851444,32.332511],[101.852962,32.342935],[101.863024,32.355541],[101.861352,32.379683],[101.879566,32.388919],[101.893705,32.406655],[101.90291,32.403627],[101.913858,32.412381],[101.915375,32.419377],[101.907732,32.430844],[101.906206,32.452167],[101.919617,32.502736],[101.918378,32.524441],[101.926044,32.539981],[101.941542,32.555052],[101.954248,32.575615],[101.991064,32.551154],[101.989184,32.567338],[102.000003,32.566061],[102.007756,32.583056],[102.037181,32.620184],[102.067519,32.620346],[102.082549,32.585212],[102.083015,32.576863],[102.075393,32.567709],[102.081108,32.564983],[102.096,32.568703],[102.116807,32.56028],[102.12623,32.562948],[102.141758,32.556411],[102.148311,32.546897],[102.148769,32.534064],[102.185797,32.502028],[102.189525,32.49341],[102.198842,32.495324],[102.201826,32.502894],[102.203885,32.521164],[102.199728,32.526459],[102.203899,32.536348],[102.218577,32.537765],[102.227829,32.546036],[102.237353,32.520871],[102.23839,32.50334],[102.247115,32.493281],[102.253131,32.506511],[102.268418,32.52004],[102.293713,32.529671],[102.288586,32.551048],[102.279257,32.554726],[102.277224,32.562695],[102.262511,32.578848],[102.257826,32.597086],[102.267107,32.606931],[102.263978,32.622335],[102.267441,32.635427],[102.257272,32.657873],[102.234619,32.659657],[102.220115,32.673995],[102.213139,32.675337],[102.205515,32.669392],[102.193358,32.684618],[102.190214,32.697086],[102.205237,32.705441],[102.208685,32.717811],[102.19616,32.738035],[102.198886,32.753953],[102.186609,32.776327],[102.197016,32.786911],[102.206665,32.77742],[102.213913,32.776195],[102.224045,32.790486],[102.254547,32.788888],[102.266542,32.793314],[102.30953,32.783849],[102.331928,32.813203],[102.36375,32.833519],[102.384139,32.840499],[102.401517,32.857134],[102.405648,32.878859],[102.398025,32.894296],[102.39923,32.900101],[102.415715,32.909239],[102.411271,32.918715],[102.41972,32.926649],[102.430197,32.928252],[102.439488,32.937815],[102.443822,32.952887],[102.458687,32.960541],[102.456121,32.97169],[102.460402,33.014455],[102.475497,33.032414],[102.474593,33.063685],[102.478422,33.081456],[102.486182,33.091061],[102.485501,33.104928],[102.493767,33.116039],[102.511524,33.126845],[102.522174,33.150548],[102.528401,33.154524],[102.545879,33.154529],[102.55318,33.161043],[102.578847,33.167642],[102.587543,33.184602],[102.622505,33.186441],[102.629218,33.19874],[102.623783,33.2111],[102.630668,33.233112],[102.642868,33.249137],[102.663215,33.260055],[102.668378,33.260057],[102.672601,33.251987],[102.689245,33.26444],[102.702084,33.258583],[102.712981,33.265896],[102.721474,33.278764],[102.737224,33.283405],[102.751374,33.298493],[102.787441,33.318156],[102.809482,33.317797],[102.836637,33.310916],[102.866699,33.321919],[102.876783,33.320268],[102.887251,33.305782],[102.913039,33.296434],[103.013289,33.302743],[103.062168,33.297991],[103.071765,33.28444],[103.081685,33.282357],[103.091094,33.274117],[103.088448,33.264578],[103.096086,33.25626],[103.120781,33.261351],[103.159903,33.25906],[103.172097,33.225204],[103.182562,33.169003],[103.201138,33.156754],[103.253219,33.145701],[103.264499,33.128426],[103.293377,33.124721],[103.30183,33.114968],[103.317876,33.108172],[103.326717,33.096208],[103.341353,33.089182],[103.346049,33.075983],[103.334568,33.021115]]]]},"properties":{"name":"红原县","gb":"156513233","valid_cells":8311,"valid_area_km2":8311.0,"level_1_cells":78,"level_2_cells":113,"level_3_cells":8120,"level_1_area_km2":78.0,"level_2_area_km2":113.0,"level_3_area_km2":8120.0,"level_1_share":0.009385152207917219,"level_2_share":0.01359643845505956,"level_3_share":0.9770184093370232,"tdpi_high_cells":85,"tdpi_high_area_km2":85.0,"tdpi_high_share":0.010227409457345687,"priority_index":0.05534833353387078,"ranking_area_threshold_km2":100.0,"ranking_eligible":1,"rank":17}},{"type":"Feature","geometry":{"type":"MultiPolygon","coordinates":[[[[103.376458,32.189386],[103.36963,32.17293],[103.386362,32.158054],[103.384702,32.149233],[103.417958,32.139567],[103.421555,32.128361],[103.433205,32.12517],[103.444035,32.110533],[103.44029,32.090048],[103.466082,32.077854],[103.485066,32.04331],[103.499374,32.040477],[103.4893,32.027432],[103.49969,31.985795],[103.471758,31.939207],[103.48675,31.919291],[103.486201,31.905027],[103.478655,31.89733],[103.445452,31.900448],[103.416567,31.890175],[103.406586,31.900194],[103.36945,31.888432],[103.350194,31.89209],[103.333548,31.904893],[103.314395,31.892725],[103.299356,31.890652],[103.26143,31.917397],[103.250733,31.912086],[103.244881,31.913846],[103.218457,31.933857],[103.181786,31.932177],[103.163099,31.947418],[103.160697,31.954639],[103.141458,31.964065],[103.136295,31.972452],[103.117242,31.962152],[103.09725,31.965921],[103.091037,31.959612],[103.04192,31.95213],[103.025521,31.943527],[103.01544,31.931831],[102.992702,31.923007],[102.973752,31.927109],[102.949301,31.884922],[102.940217,31.877531],[102.922801,31.874805],[102.886466,31.880204],[102.882425,31.881526],[102.879951,31.892924],[102.871958,31.903298],[102.855383,31.905909],[102.851046,31.90228],[102.824329,31.899906],[102.795051,31.917323],[102.785624,31.911662],[102.772603,31.911007],[102.745893,31.892103],[102.718584,31.891443],[102.704526,31.872442],[102.695558,31.872132],[102.67986,31.885128],[102.675721,31.893719],[102.674562,31.924852],[102.688452,31.9666],[102.675373,31.979114],[102.668959,32.008334],[102.674134,32.014329],[102.673852,32.036519],[102.670202,32.043173],[102.659619,32.047134],[102.660696,32.060816],[102.647862,32.07654],[102.639053,32.10457],[102.630849,32.112194],[102.623743,32.139637],[102.609526,32.141209],[102.611902,32.159266],[102.600314,32.188633],[102.592572,32.191383],[102.590262,32.197383],[102.600318,32.21419],[102.596639,32.230585],[102.612705,32.248748],[102.615176,32.260437],[102.629055,32.26633],[102.647907,32.255096],[102.665747,32.270542],[102.661487,32.314359],[102.676677,32.319319],[102.690378,32.330923],[102.689776,32.339445],[102.715588,32.34566],[102.72545,32.37011],[102.758224,32.37886],[102.760363,32.387676],[102.805109,32.405006],[102.814626,32.416651],[102.83034,32.425779],[102.83914,32.401297],[102.850056,32.404466],[102.85994,32.399304],[102.879859,32.411669],[102.894969,32.390075],[102.930792,32.387607],[102.942166,32.407849],[102.947787,32.410705],[102.954666,32.406714],[102.96227,32.408078],[102.984949,32.432079],[102.995548,32.434414],[103.011322,32.428735],[103.02352,32.44456],[103.028372,32.444077],[103.035928,32.432125],[103.057771,32.422488],[103.070213,32.400516],[103.092341,32.413836],[103.098794,32.413193],[103.112189,32.402161],[103.131008,32.416204],[103.166869,32.418272],[103.181644,32.442865],[103.220544,32.4732],[103.22695,32.507938],[103.221967,32.514656],[103.254569,32.547665],[103.249108,32.575501],[103.252046,32.587334],[103.272247,32.585764],[103.285417,32.581435],[103.292986,32.55015],[103.309188,32.547871],[103.314769,32.541478],[103.325406,32.464518],[103.329758,32.455736],[103.343139,32.452745],[103.353683,32.441287],[103.349174,32.42757],[103.354988,32.408221],[103.368217,32.383668],[103.387539,32.363963],[103.373639,32.341635],[103.375728,32.328729],[103.382064,32.325899],[103.385733,32.311201],[103.378853,32.294304],[103.382349,32.277802],[103.378869,32.269984],[103.373238,32.268147],[103.343799,32.214294],[103.347724,32.212005],[103.358955,32.216192],[103.366398,32.210898],[103.375557,32.199405],[103.376458,32.189386]]]]},"properties":{"name":"黑水县","gb":"156513228","valid_cells":4140,"valid_area_km2":4140.0,"level_1_cells":18,"level_2_cells":84,"level_3_cells":4038,"level_1_area_km2":18.0,"level_2_area_km2":84.0,"level_3_area_km2":4038.0,"level_1_share":0.004347826086956522,"level_2_share":0.020289855072463767,"level_3_share":0.9753623188405797,"tdpi_high_cells":63,"tdpi_high_area_km2":63.0,"tdpi_high_share":0.015217391304347827,"priority_index":0.0536231884057971,"ranking_area_threshold_km2":100.0,"ranking_eligible":1,"rank":18}},{"type":"Feature","geometry":{"type":"MultiPolygon","coordinates":[[[[100.86831,30.514403],[100.891872,30.497332],[100.909408,30.472798],[100.926747,30.465459],[100.951611,30.438527],[100.975665,30.425566],[100.998098,30.405909],[101.039668,30.417571],[101.053246,30.43874],[101.054477,30.455074],[101.071517,30.465137],[101.089199,30.455981],[101.097123,30.463665],[101.101031,30.482977],[101.118875,30.47192],[101.120691,30.455856],[101.165579,30.431104],[101.185303,30.435647],[101.21464,30.454325],[101.241095,30.464734],[101.247047,30.452491],[101.279126,30.450589],[101.265153,30.425573],[101.29376,30.385201],[101.295343,30.350183],[101.273947,30.333043],[101.260143,30.310065],[101.262658,30.281757],[101.301553,30.279168],[101.303575,30.265987],[101.28323,30.255925],[101.257703,30.228164],[101.240607,30.220714],[101.243731,30.211545],[101.260825,30.192327],[101.303301,30.19477],[101.330656,30.20918],[101.3387,30.208546],[101.367849,30.173575],[101.362747,30.144706],[101.383467,30.123733],[101.39614,30.096678],[101.39279,30.092585],[101.371688,30.088843],[101.364093,30.071884],[101.3703,30.053777],[101.352229,30.036638],[101.348238,30.026588],[101.360904,30.018664],[101.376013,30.028498],[101.407309,30.012506],[101.407752,29.996937],[101.390555,29.993725],[101.397601,29.964617],[101.392372,29.955813],[101.394591,29.938755],[101.388984,29.930475],[101.398214,29.914728],[101.412065,29.904489],[101.409912,29.877064],[101.39127,29.865973],[101.375711,29.862747],[101.367122,29.85429],[101.363928,29.830812],[101.35167,29.839404],[101.346401,29.83635],[101.335629,29.808554],[101.360087,29.772449],[101.359179,29.762842],[101.310865,29.761706],[101.275531,29.766286],[101.254718,29.758442],[101.252746,29.747504],[101.242391,29.739654],[101.249019,29.72109],[101.242709,29.69281],[101.267003,29.684896],[101.262184,29.662342],[101.263335,29.622762],[101.261806,29.615594],[101.256832,29.61655],[101.239529,29.60143],[101.233732,29.590168],[101.2335,29.575195],[101.241602,29.568573],[101.240877,29.558193],[101.219413,29.527199],[101.252628,29.517456],[101.253166,29.510874],[101.248696,29.506826],[101.257834,29.498224],[101.266036,29.480111],[101.247336,29.479158],[101.221864,29.46703],[101.211142,29.456488],[101.193527,29.454639],[101.17866,29.435335],[101.148714,29.423357],[101.126015,29.409901],[101.109742,29.393156],[101.098547,29.391094],[101.087595,29.378825],[101.068147,29.372372],[101.069324,29.354869],[101.065983,29.350211],[101.06073,29.348737],[101.055017,29.359265],[101.033837,29.365725],[101.022288,29.365816],[101.005459,29.358826],[101.018358,29.34575],[101.014709,29.337747],[101.027611,29.334771],[101.034583,29.341506],[101.044969,29.342038],[101.051199,29.3356],[101.041967,29.308544],[101.044049,29.280103],[101.050315,29.269958],[101.050052,29.251497],[101.038658,29.232302],[101.045974,29.226506],[101.05613,29.227533],[101.059947,29.221529],[101.049237,29.204102],[101.058881,29.18629],[101.0598,29.172025],[101.052001,29.150698],[101.034656,29.139255],[101.014961,29.13768],[101.005145,29.128071],[100.974144,29.080535],[100.929494,29.058188],[100.922661,29.062922],[100.936607,29.077705],[100.938088,29.084691],[100.930798,29.094947],[100.918745,29.102186],[100.928803,29.116634],[100.923212,29.133114],[100.90626,29.171384],[100.892447,29.183618],[100.88887,29.199631],[100.877486,29.217949],[100.884494,29.226782],[100.884115,29.23276],[100.902365,29.251726],[100.905384,29.264859],[100.886229,29.261844],[100.886591,29.277765],[100.879951,29.289517],[100.893354,29.311854],[100.891752,29.324369],[100.900099,29.337529],[100.916878,29.351176],[100.916602,29.355747],[100.900013,29.361866],[100.89643,29.368797],[100.9083,29.399195],[100.93023,29.414213],[100.931255,29.42054],[100.921197,29.443932],[100.924792,29.452499],[100.913438,29.473826],[100.901645,29.486052],[100.897036,29.502936],[100.873053,29.50781],[100.864693,29.501013],[100.853774,29.499],[100.845154,29.50561],[100.832403,29.535667],[100.823086,29.540016],[100.803108,29.540637],[100.788402,29.53626],[100.782866,29.543287],[100.79387,29.556388],[100.794317,29.587104],[100.804556,29.608807],[100.803147,29.624286],[100.782662,29.627631],[100.767876,29.613783],[100.755723,29.610718],[100.741244,29.617327],[100.730653,29.616045],[100.718088,29.633419],[100.723265,29.641731],[100.724895,29.657982],[100.738549,29.678456],[100.726641,29.68293],[100.696229,29.714516],[100.680473,29.715359],[100.660437,29.723716],[100.645775,29.745032],[100.643855,29.757907],[100.620033,29.775955],[100.606266,29.796335],[100.5933,29.800251],[100.585152,29.815559],[100.56812,29.818254],[100.54267,29.83408],[100.53607,29.856573],[100.514258,29.873004],[100.519211,29.89149],[100.516085,29.906825],[100.500253,29.910964],[100.497478,29.927658],[100.477399,29.941026],[100.47033,29.965248],[100.459918,29.970936],[100.488431,29.974244],[100.496956,29.982631],[100.49777,29.994291],[100.509372,30.017257],[100.494486,30.041483],[100.480754,30.041934],[100.471806,30.036285],[100.458075,30.034802],[100.448535,30.055336],[100.425702,30.060884],[100.404088,30.057449],[100.389214,30.042788],[100.380508,30.044785],[100.382634,30.076535],[100.397233,30.087228],[100.399407,30.095684],[100.393563,30.11966],[100.39609,30.126866],[100.416141,30.140599],[100.43292,30.146206],[100.44375,30.144645],[100.447308,30.150854],[100.443919,30.159911],[100.432449,30.166451],[100.398,30.154196],[100.383652,30.156595],[100.37962,30.172464],[100.389802,30.195873],[100.397478,30.201835],[100.436127,30.194404],[100.451042,30.216533],[100.46938,30.218794],[100.478296,30.23504],[100.490178,30.241852],[100.50464,30.232172],[100.520769,30.233404],[100.535915,30.228528],[100.538945,30.222266],[100.53503,30.21242],[100.54236,30.185372],[100.568998,30.166415],[100.585663,30.166017],[100.589711,30.157225],[100.601994,30.148494],[100.623512,30.142596],[100.644841,30.145766],[100.668052,30.15021],[100.675087,30.160032],[100.679568,30.152244],[100.70365,30.144151],[100.720426,30.088267],[100.737111,30.082643],[100.747685,30.072496],[100.76521,30.069483],[100.792896,30.036369],[100.795764,30.020614],[100.812056,30.018621],[100.814985,30.033145],[100.840572,30.014435],[100.844783,29.998064],[100.857045,30.024991],[100.853995,30.036511],[100.86116,30.056818],[100.869994,30.068618],[100.894444,30.079996],[100.89613,30.088673],[100.880267,30.109862],[100.877606,30.120734],[100.900135,30.123585],[100.902943,30.129069],[100.904133,30.138136],[100.891885,30.156567],[100.89421,30.183848],[100.8891,30.189904],[100.887376,30.180831],[100.878616,30.179972],[100.876964,30.193918],[100.859938,30.201056],[100.855932,30.19865],[100.863357,30.191524],[100.858023,30.186655],[100.848978,30.186531],[100.847921,30.196528],[100.831136,30.18623],[100.816594,30.1873],[100.81415,30.211381],[100.763453,30.223528],[100.75999,30.227469],[100.763061,30.240086],[100.751269,30.261959],[100.733034,30.267624],[100.726859,30.292563],[100.698909,30.329543],[100.692937,30.346105],[100.686126,30.35308],[100.670713,30.352977],[100.659973,30.363722],[100.648255,30.365447],[100.645577,30.37687],[100.632527,30.379776],[100.625689,30.39516],[100.618794,30.391108],[100.611976,30.403351],[100.616022,30.421013],[100.625268,30.414883],[100.632793,30.415233],[100.685177,30.426366],[100.711242,30.3915],[100.722058,30.389937],[100.74667,30.396249],[100.762304,30.385701],[100.769448,30.402426],[100.781309,30.41289],[100.781837,30.434338],[100.769987,30.453843],[100.778721,30.462503],[100.786927,30.483325],[100.804085,30.492872],[100.808747,30.509611],[100.806364,30.520548],[100.800399,30.523428],[100.802493,30.526224],[100.832341,30.53203],[100.86831,30.514403]]]]},"properties":{"name":"雅江县","gb":"156513325","valid_cells":7560,"valid_area_km2":7560.0,"level_1_cells":57,"level_2_cells":85,"level_3_cells":7418,"level_1_area_km2":57.0,"level_2_area_km2":85.0,"level_3_area_km2":7418.0,"level_1_share":0.00753968253968254,"level_2_share":0.011243386243386243,"level_3_share":0.9812169312169312,"tdpi_high_cells":75,"tdpi_high_area_km2":75.0,"tdpi_high_share":0.00992063492063492,"priority_index":0.04510582010582011,"ranking_area_threshold_km2":100.0,"ranking_eligible":1,"rank":19}},{"type":"Feature","geometry":{"type":"MultiPolygon","coordinates":[[[[100.415582,31.848348],[100.394266,31.839244],[100.381694,31.843214],[100.373424,31.853896],[100.342778,31.854101],[100.315369,31.839472],[100.308065,31.818204],[100.300458,31.818926],[100.289428,31.82861],[100.272593,31.795379],[100.269323,31.76631],[100.258912,31.764782],[100.235526,31.740142],[100.234773,31.712348],[100.223139,31.707027],[100.214925,31.7164],[100.190156,31.71551],[100.171136,31.700928],[100.115139,31.690434],[100.099807,31.682507],[100.107996,31.674267],[100.159265,31.6774],[100.171952,31.666082],[100.172883,31.659452],[100.189143,31.639352],[100.218304,31.648802],[100.233969,31.64364],[100.243837,31.607383],[100.261906,31.592415],[100.261679,31.574122],[100.275244,31.527239],[100.284727,31.521978],[100.274895,31.512226],[100.275827,31.480851],[100.264381,31.473529],[100.251963,31.471773],[100.225338,31.451719],[100.202736,31.457364],[100.162289,31.479403],[100.122488,31.493297],[100.112055,31.522741],[100.09068,31.53265],[100.071131,31.513516],[100.062712,31.516014],[100.048635,31.511014],[100.029015,31.493785],[100.017937,31.474416],[100.022639,31.453129],[100.011261,31.446531],[99.997778,31.44935],[99.989053,31.441961],[99.984281,31.402434],[99.967624,31.400479],[99.939371,31.441253],[99.926833,31.448134],[99.913382,31.464237],[99.914962,31.471096],[99.887494,31.48426],[99.869023,31.472781],[99.860146,31.454315],[99.847858,31.458871],[99.82361,31.459587],[99.81109,31.446504],[99.805386,31.448093],[99.761511,31.490993],[99.724403,31.512208],[99.688845,31.525825],[99.667853,31.529331],[99.657969,31.537271],[99.644027,31.551281],[99.626968,31.582393],[99.629547,31.593463],[99.625851,31.612481],[99.610772,31.616408],[99.601844,31.628836],[99.605252,31.641444],[99.583006,31.650493],[99.546303,31.648038],[99.539499,31.662697],[99.541403,31.6796],[99.55653,31.689685],[99.568464,31.716513],[99.557945,31.732642],[99.56318,31.739974],[99.577341,31.743445],[99.578388,31.747792],[99.572711,31.756203],[99.541768,31.774401],[99.529347,31.787323],[99.524192,31.82729],[99.515746,31.832916],[99.514468,31.848099],[99.483373,31.880803],[99.492186,31.892605],[99.486338,31.90339],[99.499593,31.922105],[99.491209,31.923691],[99.468816,31.946486],[99.520812,31.985586],[99.531178,31.975713],[99.532829,31.968714],[99.549812,31.957712],[99.567709,31.956353],[99.592656,31.963709],[99.598363,31.955284],[99.614426,31.952658],[99.619498,31.961975],[99.652362,31.967737],[99.656215,31.974685],[99.651711,31.991214],[99.641331,32.018775],[99.611573,32.010602],[99.599584,32.011536],[99.598606,32.018513],[99.583863,32.036],[99.561356,32.04199],[99.535343,32.042223],[99.533091,32.030832],[99.513659,32.024698],[99.510755,32.026985],[99.496518,32.055441],[99.505399,32.063315],[99.524136,32.054936],[99.52882,32.058734],[99.528283,32.072886],[99.541698,32.088372],[99.543322,32.099682],[99.551473,32.105051],[99.552119,32.132753],[99.561656,32.145286],[99.553645,32.153023],[99.53368,32.152151],[99.509947,32.167463],[99.522952,32.189211],[99.540945,32.18892],[99.550736,32.194786],[99.520319,32.267906],[99.522733,32.284813],[99.530075,32.292752],[99.521624,32.319982],[99.525269,32.328195],[99.522557,32.336965],[99.512021,32.35234],[99.467295,32.390412],[99.459614,32.406476],[99.442931,32.421201],[99.429084,32.444888],[99.396496,32.453836],[99.389217,32.461483],[99.386616,32.478701],[99.373514,32.482595],[99.367469,32.492557],[99.364271,32.520016],[99.359807,32.526152],[99.336581,32.517219],[99.322001,32.524353],[99.322004,32.535487],[99.296989,32.580263],[99.301472,32.591253],[99.266804,32.605022],[99.248616,32.62897],[99.250743,32.640591],[99.244425,32.649418],[99.236607,32.655549],[99.225186,32.656987],[99.208224,32.672387],[99.205565,32.683668],[99.193932,32.698034],[99.196418,32.717682],[99.185884,32.728426],[99.179936,32.72364],[99.16269,32.732782],[99.159881,32.756711],[99.162767,32.775245],[99.151404,32.787875],[99.147171,32.809069],[99.142704,32.812174],[99.145672,32.839049],[99.140856,32.877021],[99.160606,32.882769],[99.167816,32.890158],[99.195831,32.879932],[99.210123,32.880227],[99.244215,32.893193],[99.263975,32.88296],[99.270905,32.888332],[99.313553,32.882172],[99.360314,32.911819],[99.353129,32.887049],[99.381742,32.851129],[99.371105,32.832946],[99.371444,32.822206],[99.378371,32.810426],[99.402365,32.787103],[99.440611,32.774044],[99.459864,32.759392],[99.465768,32.745221],[99.489751,32.735597],[99.501141,32.725758],[99.521914,32.661216],[99.552621,32.626946],[99.578764,32.609332],[99.586863,32.592382],[99.584905,32.574154],[99.603137,32.573442],[99.614863,32.579377],[99.624095,32.566272],[99.629959,32.564282],[99.643232,32.582109],[99.648271,32.583017],[99.655402,32.572167],[99.663918,32.571134],[99.687136,32.524971],[99.692422,32.522209],[99.70963,32.526898],[99.723771,32.543096],[99.742466,32.53649],[99.749559,32.521147],[99.76093,32.518349],[99.766266,32.507697],[99.779433,32.496615],[99.798812,32.487747],[99.803131,32.475143],[99.802927,32.44843],[99.82034,32.443589],[99.821638,32.435132],[99.829135,32.430753],[99.84451,32.441868],[99.864072,32.446865],[99.879464,32.427897],[99.888735,32.38593],[99.897412,32.37128],[99.905841,32.32599],[99.898351,32.318823],[99.880067,32.32042],[99.867123,32.313706],[99.861694,32.306945],[99.854754,32.276347],[99.858342,32.255137],[99.880528,32.211898],[99.88881,32.189295],[99.887412,32.183092],[99.860887,32.176653],[99.847049,32.188078],[99.827027,32.166536],[99.814995,32.163649],[99.814084,32.150413],[99.828216,32.135947],[99.818699,32.125394],[99.829718,32.113127],[99.828813,32.107184],[99.838907,32.088929],[99.867958,32.066649],[99.876633,32.054057],[99.880207,32.043269],[99.875497,32.02758],[99.886821,32.021068],[99.887657,32.004372],[99.894855,31.993545],[99.904443,31.991008],[99.906557,31.967525],[99.919891,31.95047],[99.942031,31.943718],[99.96487,31.915378],[99.97126,31.901108],[99.96508,31.890708],[99.965674,31.86562],[99.985799,31.848827],[100.00658,31.846188],[100.014397,31.871698],[100.026614,31.879907],[100.036743,31.909331],[100.038456,31.936207],[100.043638,31.943219],[100.03468,31.962817],[100.035953,31.992556],[100.044074,31.995086],[100.055971,31.990703],[100.062843,31.99456],[100.070954,31.989587],[100.076583,31.954738],[100.109022,31.974088],[100.107427,31.96657],[100.117945,31.952179],[100.124849,31.958959],[100.131715,31.977558],[100.15154,31.980287],[100.165197,31.990391],[100.168739,31.997479],[100.162099,32.008041],[100.147521,32.017772],[100.150144,32.04188],[100.144281,32.066171],[100.148557,32.074935],[100.177595,32.079636],[100.18438,32.100017],[100.216613,32.115348],[100.240535,32.100313],[100.247509,32.069808],[100.244613,32.065169],[100.25678,32.046533],[100.270175,32.044843],[100.266567,32.033408],[100.273678,32.02452],[100.272462,32.013273],[100.277504,32.004757],[100.27531,31.987858],[100.279582,31.978275],[100.292967,31.981001],[100.304917,31.975979],[100.314043,31.982919],[100.330154,31.983832],[100.369638,31.961178],[100.366256,31.936066],[100.368744,31.926276],[100.387078,31.911163],[100.385455,31.899971],[100.398036,31.879555],[100.397096,31.869638],[100.390292,31.859738],[100.412211,31.853244],[100.415582,31.848348]]]]},"properties":{"name":"甘孜县","gb":"156513328","valid_cells":6863,"valid_area_km2":6863.0,"level_1_cells":42,"level_2_cells":72,"level_3_cells":6749,"level_1_area_km2":42.0,"level_2_area_km2":72.0,"level_3_area_km2":6749.0,"level_1_share":0.006119772694157075,"level_2_share":0.01049103890426927,"level_3_share":0.9833891884015736,"tdpi_high_cells":42,"tdpi_high_area_km2":42.0,"tdpi_high_share":0.006119772694157075,"priority_index":0.03934139589100977,"ranking_area_threshold_km2":100.0,"ranking_eligible":1,"rank":20}},{"type":"Feature","geometry":{"type":"MultiPolygon","coordinates":[[[[102.202065,33.321201],[102.213818,33.319414],[102.223174,33.307043],[102.226165,33.291212],[102.221364,33.287017],[102.222056,33.281048],[102.245282,33.290089],[102.244046,33.277394],[102.263707,33.282143],[102.266323,33.268345],[102.287377,33.258093],[102.302203,33.26534],[102.299999,33.271922],[102.308158,33.273354],[102.328293,33.264556],[102.327469,33.246189],[102.335288,33.2402],[102.357401,33.240169],[102.366718,33.231446],[102.37981,33.23171],[102.379262,33.243528],[102.393591,33.251686],[102.410322,33.240798],[102.425932,33.238699],[102.487328,33.215805],[102.49453,33.219581],[102.506078,33.247737],[102.528284,33.248856],[102.53213,33.240367],[102.521123,33.239256],[102.517975,33.230673],[102.523177,33.229794],[102.533839,33.237351],[102.541666,33.229787],[102.538955,33.223325],[102.528035,33.221134],[102.526397,33.217014],[102.538862,33.214276],[102.549642,33.221871],[102.541474,33.210732],[102.543273,33.206425],[102.560897,33.201493],[102.549938,33.200003],[102.548644,33.195526],[102.563546,33.183239],[102.567986,33.19495],[102.573544,33.197544],[102.577033,33.192685],[102.56967,33.183768],[102.583415,33.187412],[102.587543,33.184602],[102.578847,33.167642],[102.55318,33.161043],[102.545879,33.154529],[102.528401,33.154524],[102.522174,33.150548],[102.511524,33.126845],[102.493767,33.116039],[102.485501,33.104928],[102.486182,33.091061],[102.478422,33.081456],[102.474593,33.063685],[102.475497,33.032414],[102.460402,33.014455],[102.456121,32.97169],[102.458687,32.960541],[102.443822,32.952887],[102.439488,32.937815],[102.430197,32.928252],[102.41972,32.926649],[102.411271,32.918715],[102.415715,32.909239],[102.39923,32.900101],[102.398025,32.894296],[102.405648,32.878859],[102.401517,32.857134],[102.384139,32.840499],[102.36375,32.833519],[102.331928,32.813203],[102.30953,32.783849],[102.266542,32.793314],[102.254547,32.788888],[102.224045,32.790486],[102.213913,32.776195],[102.206665,32.77742],[102.197016,32.786911],[102.186609,32.776327],[102.198886,32.753953],[102.19616,32.738035],[102.208685,32.717811],[102.205237,32.705441],[102.190214,32.697086],[102.193358,32.684618],[102.205515,32.669392],[102.213139,32.675337],[102.220115,32.673995],[102.234619,32.659657],[102.257272,32.657873],[102.267441,32.635427],[102.263978,32.622335],[102.267107,32.606931],[102.257826,32.597086],[102.262511,32.578848],[102.277224,32.562695],[102.279257,32.554726],[102.288586,32.551048],[102.293713,32.529671],[102.268418,32.52004],[102.253131,32.506511],[102.247115,32.493281],[102.23839,32.50334],[102.237353,32.520871],[102.227829,32.546036],[102.218577,32.537765],[102.203899,32.536348],[102.199728,32.526459],[102.203885,32.521164],[102.201826,32.502894],[102.198842,32.495324],[102.189525,32.49341],[102.185797,32.502028],[102.148769,32.534064],[102.148311,32.546897],[102.141758,32.556411],[102.12623,32.562948],[102.116807,32.56028],[102.096,32.568703],[102.081108,32.564983],[102.075393,32.567709],[102.083015,32.576863],[102.082549,32.585212],[102.067519,32.620346],[102.037181,32.620184],[102.007756,32.583056],[102.000003,32.566061],[101.989184,32.567338],[101.991064,32.551154],[101.954248,32.575615],[101.941542,32.555052],[101.926044,32.539981],[101.918378,32.524441],[101.919617,32.502736],[101.906206,32.452167],[101.907732,32.430844],[101.915375,32.419377],[101.913858,32.412381],[101.90291,32.403627],[101.893705,32.406655],[101.879566,32.388919],[101.861352,32.379683],[101.863024,32.355541],[101.852962,32.342935],[101.851444,32.332511],[101.84263,32.331074],[101.833605,32.341943],[101.827791,32.337108],[101.821801,32.338245],[101.811915,32.352979],[101.793436,32.367866],[101.777102,32.357356],[101.751755,32.373157],[101.738336,32.372036],[101.729718,32.366885],[101.729005,32.34289],[101.717581,32.318136],[101.704065,32.310974],[101.702933,32.320324],[101.68492,32.349971],[101.661447,32.345383],[101.651242,32.350549],[101.634569,32.348672],[101.622892,32.352546],[101.611804,32.347423],[101.595,32.363243],[101.575665,32.370591],[101.563455,32.386892],[101.528679,32.394317],[101.525027,32.416971],[101.510405,32.400749],[101.488936,32.389625],[101.486662,32.384484],[101.491853,32.379938],[101.485552,32.375814],[101.477559,32.379579],[101.454612,32.379563],[101.443916,32.388241],[101.415202,32.370332],[101.407535,32.375591],[101.390786,32.372571],[101.373923,32.381379],[101.358266,32.369416],[101.334435,32.385807],[101.32809,32.381959],[101.322987,32.399859],[101.313989,32.404584],[101.311251,32.449607],[101.304001,32.459379],[101.244413,32.44831],[101.221102,32.452579],[101.20544,32.471138],[101.208602,32.490325],[101.206179,32.514929],[101.218943,32.522243],[101.218729,32.530313],[101.210472,32.540555],[101.195155,32.542945],[101.175954,32.56065],[101.169153,32.606155],[101.149259,32.634416],[101.126786,32.646412],[101.122561,32.637305],[101.116943,32.636398],[101.115196,32.643982],[101.119942,32.655319],[101.134537,32.661137],[101.154617,32.660625],[101.195068,32.69075],[101.216904,32.716076],[101.2304,32.74345],[101.228912,32.770073],[101.237084,32.815231],[101.221764,32.858025],[101.18618,32.890572],[101.164238,32.901447],[101.131149,32.905495],[101.119965,32.912651],[101.129433,32.925854],[101.12532,32.937164],[101.126427,32.990047],[101.182465,32.98695],[101.16851,33.014633],[101.172279,33.024914],[101.17913,33.02903],[101.181534,33.043083],[101.15802,33.058365],[101.141357,33.060703],[101.143967,33.073086],[101.140449,33.084213],[101.146889,33.09417],[101.165047,33.101196],[101.163292,33.118183],[101.148651,33.129311],[101.155678,33.14571],[101.153336,33.149811],[101.142204,33.151566],[101.128151,33.169136],[101.126976,33.178509],[101.133423,33.187294],[101.129318,33.190224],[101.11702,33.187882],[101.112923,33.196079],[101.121124,33.207207],[101.122879,33.222435],[101.141625,33.231808],[101.153336,33.24762],[101.166222,33.249378],[101.168564,33.262848],[101.183205,33.273392],[101.200775,33.269875],[101.204292,33.256992],[101.215416,33.256992],[101.219521,33.270462],[101.224792,33.273392],[101.24646,33.265778],[101.271057,33.269291],[101.295654,33.262264],[101.30854,33.245277],[101.323181,33.241177],[101.364021,33.172424],[101.387886,33.153439],[101.393425,33.162685],[101.388672,33.209797],[101.396599,33.224018],[101.415123,33.229469],[101.482864,33.227818],[101.497604,33.220295],[101.501366,33.211708],[101.529762,33.183628],[101.550163,33.174568],[101.578804,33.14624],[101.625557,33.113937],[101.634453,33.111156],[101.647164,33.114677],[101.65831,33.133373],[101.662277,33.163284],[101.682342,33.185837],[101.681099,33.20192],[101.691856,33.210766],[101.715714,33.21899],[101.722633,33.227493],[101.734337,33.278027],[101.731194,33.287746],[101.716644,33.299645],[101.67849,33.303303],[101.656868,33.316547],[101.64814,33.330559],[101.664665,33.38554],[101.69001,33.428337],[101.711792,33.449154],[101.745071,33.445827],[101.774925,33.456974],[101.770226,33.470764],[101.774788,33.487587],[101.774231,33.548042],[101.795937,33.556015],[101.807907,33.547821],[101.828201,33.55621],[101.831444,33.566494],[101.828201,33.581379],[101.843086,33.606003],[101.857757,33.58968],[101.880341,33.577415],[101.881569,33.566826],[101.905411,33.54472],[101.895477,33.526337],[101.903359,33.505691],[101.900421,33.486965],[101.905388,33.479973],[101.925644,33.473091],[101.922676,33.456577],[101.930336,33.447994],[101.938866,33.445759],[101.921905,33.428699],[101.910713,33.404984],[101.881698,33.380913],[101.87532,33.323116],[101.868927,33.314606],[101.854194,33.311031],[101.829361,33.293934],[101.820816,33.272354],[101.806564,33.28986],[101.788246,33.280907],[101.783356,33.234901],[101.795982,33.233681],[101.828362,33.21249],[101.840828,33.184826],[101.834732,33.145134],[101.823112,33.129219],[101.828362,33.121307],[101.872818,33.110481],[101.888153,33.136131],[101.919464,33.152332],[101.93293,33.166347],[101.936127,33.176788],[101.97953,33.200718],[101.99205,33.201897],[102.019783,33.191933],[102.053146,33.19178],[102.069321,33.196201],[102.088982,33.218468],[102.087776,33.227474],[102.098152,33.238266],[102.09687,33.249531],[102.104431,33.268745],[102.097603,33.276344],[102.105499,33.29818],[102.112465,33.297714],[102.121292,33.282383],[102.139877,33.272163],[102.15892,33.241501],[102.197487,33.224312],[102.205849,33.225704],[102.211884,33.233139],[102.213745,33.247074],[102.199074,33.302608],[102.202065,33.321201]]]]},"properties":{"name":"阿坝县","gb":"156513231","valid_cells":10064,"valid_area_km2":10064.0,"level_1_cells":58,"level_2_cells":88,"level_3_cells":9918,"level_1_area_km2":58.0,"level_2_area_km2":88.0,"level_3_area_km2":9918.0,"level_1_share":0.005763116057233704,"level_2_share":0.008744038155802861,"level_3_share":0.9854928457869634,"tdpi_high_cells":70,"tdpi_high_area_km2":70.0,"tdpi_high_share":0.006955484896661367,"priority_index":0.03477742448330684,"ranking_area_threshold_km2":100.0,"ranking_eligible":1,"rank":21}},{"type":"Feature","geometry":{"type":"MultiPolygon","coordinates":[[[[101.851444,32.332511],[101.857292,32.332016],[101.862229,32.325525],[101.855483,32.302863],[101.869956,32.297156],[101.886106,32.311354],[101.91387,32.290332],[101.939685,32.291195],[101.952833,32.284436],[101.957085,32.285137],[101.96638,32.315946],[101.985297,32.330515],[101.962948,32.340535],[101.957556,32.35465],[101.975219,32.362025],[102.004386,32.347666],[102.028406,32.351159],[102.036202,32.337907],[102.051559,32.349511],[102.066073,32.35224],[102.08945,32.341273],[102.098642,32.320523],[102.113017,32.313341],[102.113458,32.302686],[102.133133,32.30471],[102.139726,32.292912],[102.149011,32.294467],[102.153465,32.306364],[102.170396,32.303602],[102.173165,32.314797],[102.179702,32.319779],[102.192645,32.320173],[102.210846,32.311941],[102.219283,32.301959],[102.227493,32.319561],[102.236493,32.320486],[102.24597,32.315779],[102.250236,32.290207],[102.258017,32.27359],[102.257668,32.242728],[102.277357,32.254616],[102.291137,32.241806],[102.292493,32.227452],[102.296469,32.22511],[102.307704,32.237682],[102.315579,32.240164],[102.339592,32.234856],[102.355977,32.226328],[102.366718,32.198914],[102.349676,32.180063],[102.364171,32.169802],[102.362234,32.162436],[102.371327,32.15977],[102.38785,32.167398],[102.390894,32.148247],[102.406319,32.135595],[102.428472,32.138044],[102.440251,32.131194],[102.439574,32.117096],[102.450778,32.117997],[102.470028,32.10721],[102.47086,32.097113],[102.487296,32.070443],[102.487803,32.055092],[102.482807,32.049115],[102.464701,32.046932],[102.464925,32.014477],[102.472671,32.011958],[102.49162,32.02039],[102.513435,32.006245],[102.53115,32.001911],[102.54967,31.971901],[102.567749,31.956486],[102.568286,31.941524],[102.576144,31.934845],[102.602972,31.95458],[102.636044,31.961104],[102.643079,31.954803],[102.651175,31.924734],[102.65794,31.921103],[102.654536,31.912798],[102.659563,31.892068],[102.671802,31.878195],[102.673106,31.852154],[102.660439,31.845665],[102.650193,31.80437],[102.640484,31.797674],[102.639827,31.774664],[102.651298,31.759037],[102.642465,31.746272],[102.64329,31.726529],[102.634796,31.698085],[102.636617,31.679568],[102.628662,31.66045],[102.607701,31.646334],[102.603197,31.610133],[102.579612,31.596442],[102.545113,31.590289],[102.539542,31.594616],[102.542584,31.61085],[102.535998,31.622077],[102.528245,31.616656],[102.486844,31.606093],[102.480245,31.612138],[102.484097,31.61859],[102.473515,31.637382],[102.480362,31.651246],[102.467612,31.663551],[102.44147,31.653548],[102.430795,31.653828],[102.413391,31.673581],[102.400305,31.672386],[102.381801,31.686612],[102.373997,31.699559],[102.356849,31.689727],[102.345083,31.69474],[102.329013,31.716215],[102.303512,31.70392],[102.297071,31.693836],[102.282586,31.688587],[102.266998,31.69817],[102.251028,31.68646],[102.216898,31.680341],[102.200622,31.685868],[102.193984,31.678323],[102.19492,31.673324],[102.208167,31.657882],[102.184171,31.648258],[102.17553,31.654895],[102.135308,31.650467],[102.11913,31.644248],[102.098505,31.628994],[102.036648,31.645333],[102.022815,31.664275],[102.034794,31.694487],[102.024322,31.703634],[102.020383,31.717276],[102.004928,31.734167],[102.005437,31.741849],[101.997758,31.753307],[101.984843,31.76386],[101.955927,31.771803],[101.939406,31.790097],[101.89464,31.807057],[101.867203,31.81253],[101.845807,31.841352],[101.835783,31.846614],[101.808512,31.847288],[101.782465,31.838604],[101.766192,31.847455],[101.752495,31.849544],[101.740368,31.840023],[101.721061,31.839737],[101.697712,31.832538],[101.690323,31.840632],[101.6953,31.849596],[101.692009,31.864162],[101.682511,31.874378],[101.670902,31.877406],[101.665946,31.897951],[101.648271,31.899405],[101.627366,31.910047],[101.609389,31.912374],[101.590422,31.933041],[101.572333,31.942308],[101.561818,31.936376],[101.558828,31.943094],[101.541,31.952564],[101.520913,31.95226],[101.501508,31.96917],[101.483094,31.971931],[101.474436,31.948745],[101.471868,31.946431],[101.464048,31.951265],[101.446296,31.933954],[101.436029,31.9498],[101.429203,31.946158],[101.412666,31.951603],[101.401569,31.943798],[101.395148,31.946495],[101.384076,31.961163],[101.389737,31.98221],[101.371854,31.994656],[101.357651,31.981509],[101.349405,31.980799],[101.344327,31.988667],[101.332827,31.993723],[101.328647,32.007192],[101.312058,32.01134],[101.28298,32.002455],[101.280495,32.014431],[101.286211,32.04481],[101.299329,32.052846],[101.298927,32.068107],[101.325741,32.072121],[101.328135,32.094364],[101.340703,32.108292],[101.346867,32.124795],[101.372233,32.138948],[101.38151,32.155376],[101.394666,32.167697],[101.398295,32.200473],[101.418495,32.197222],[101.420726,32.214739],[101.4369,32.233882],[101.436821,32.243183],[101.469428,32.255665],[101.468541,32.278163],[101.485309,32.311195],[101.472982,32.319535],[101.472727,32.330433],[101.466161,32.340779],[101.419934,32.351994],[101.418048,32.357031],[101.422397,32.362057],[101.415202,32.370332],[101.443916,32.388241],[101.454612,32.379563],[101.477559,32.379579],[101.485552,32.375814],[101.491853,32.379938],[101.486662,32.384484],[101.488936,32.389625],[101.510405,32.400749],[101.525027,32.416971],[101.528679,32.394317],[101.563455,32.386892],[101.575665,32.370591],[101.595,32.363243],[101.611804,32.347423],[101.622892,32.352546],[101.634569,32.348672],[101.651242,32.350549],[101.661447,32.345383],[101.68492,32.349971],[101.702933,32.320324],[101.704065,32.310974],[101.717581,32.318136],[101.729005,32.34289],[101.729718,32.366885],[101.738336,32.372036],[101.751755,32.373157],[101.777102,32.357356],[101.793436,32.367866],[101.811915,32.352979],[101.821801,32.338245],[101.827791,32.337108],[101.833605,32.341943],[101.84263,32.331074],[101.851444,32.332511]]]]},"properties":{"name":"马尔康市","gb":"156513201","valid_cells":6621,"valid_area_km2":6621.0,"level_1_cells":38,"level_2_cells":46,"level_3_cells":6537,"level_1_area_km2":38.0,"level_2_area_km2":46.0,"level_3_area_km2":6537.0,"level_1_share":0.0057393143029753815,"level_2_share":0.006947590998338619,"level_3_share":0.987313094698686,"tdpi_high_cells":49,"tdpi_high_area_km2":49.0,"tdpi_high_share":0.0074006947590998335,"priority_index":0.031113124905603383,"ranking_area_threshold_km2":100.0,"ranking_eligible":1,"rank":22}},{"type":"Feature","geometry":{"type":"MultiPolygon","coordinates":[[[[101.572333,31.942308],[101.590422,31.933041],[101.609389,31.912374],[101.627366,31.910047],[101.648271,31.899405],[101.665946,31.897951],[101.670902,31.877406],[101.682511,31.874378],[101.692009,31.864162],[101.6953,31.849596],[101.690323,31.840632],[101.697712,31.832538],[101.721061,31.839737],[101.740368,31.840023],[101.752495,31.849544],[101.766192,31.847455],[101.782465,31.838604],[101.808512,31.847288],[101.835783,31.846614],[101.845807,31.841352],[101.867203,31.81253],[101.89464,31.807057],[101.939406,31.790097],[101.955927,31.771803],[101.984843,31.76386],[101.997758,31.753307],[102.005437,31.741849],[102.004928,31.734167],[102.020383,31.717276],[102.024322,31.703634],[102.034794,31.694487],[102.022815,31.664275],[102.036648,31.645333],[102.098505,31.628994],[102.11913,31.644248],[102.135308,31.650467],[102.17553,31.654895],[102.184171,31.648258],[102.208167,31.657882],[102.225147,31.660041],[102.240976,31.65391],[102.243409,31.635307],[102.265938,31.608821],[102.279456,31.604892],[102.284486,31.598824],[102.267807,31.58197],[102.277171,31.559959],[102.285396,31.553632],[102.282264,31.545044],[102.288591,31.52779],[102.294543,31.524596],[102.30365,31.528367],[102.314798,31.515107],[102.319003,31.476486],[102.306419,31.457697],[102.287016,31.455789],[102.26342,31.444413],[102.246743,31.416597],[102.229691,31.403981],[102.239238,31.370298],[102.249326,31.357433],[102.25377,31.341658],[102.252766,31.33228],[102.243314,31.324051],[102.260083,31.305769],[102.266378,31.278893],[102.265252,31.270642],[102.258179,31.270885],[102.253478,31.265534],[102.26112,31.239169],[102.252531,31.207255],[102.256544,31.177682],[102.25139,31.167995],[102.251949,31.158431],[102.202827,31.133594],[102.196279,31.154014],[102.189081,31.152425],[102.187407,31.14077],[102.177655,31.138316],[102.166128,31.127862],[102.159372,31.138105],[102.150326,31.141666],[102.128547,31.130819],[102.117149,31.116842],[102.085303,31.098809],[102.073026,31.082189],[102.060226,31.076764],[102.034146,31.074792],[102.024031,31.091919],[102.013039,31.146434],[101.983144,31.158682],[101.970026,31.18116],[101.960835,31.182171],[101.928697,31.171766],[101.917938,31.155669],[101.908156,31.149003],[101.893302,31.160867],[101.882672,31.163435],[101.880311,31.184865],[101.870822,31.198871],[101.861337,31.202963],[101.857141,31.21301],[101.862497,31.232103],[101.852951,31.258589],[101.857933,31.26943],[101.851374,31.276232],[101.821443,31.287197],[101.808039,31.287421],[101.794446,31.280075],[101.769275,31.278924],[101.761481,31.287884],[101.76023,31.296565],[101.766741,31.302323],[101.7664,31.311965],[101.75954,31.312317],[101.749645,31.305203],[101.726632,31.319238],[101.696448,31.32093],[101.688101,31.33096],[101.684358,31.353159],[101.653336,31.372204],[101.648393,31.383004],[101.609354,31.38616],[101.597075,31.37733],[101.569568,31.342924],[101.560885,31.353409],[101.563121,31.365513],[101.544478,31.381275],[101.484182,31.371252],[101.475356,31.35465],[101.466396,31.348654],[101.463501,31.353258],[101.445472,31.35019],[101.45096,31.344802],[101.464417,31.343289],[101.467797,31.333482],[101.448093,31.316525],[101.449185,31.311908],[101.460289,31.314935],[101.45527,31.305709],[101.448742,31.295245],[101.440057,31.298944],[101.435306,31.30991],[101.435687,31.323959],[101.424478,31.34653],[101.428199,31.355168],[101.422683,31.366441],[101.448948,31.392538],[101.454332,31.391337],[101.461902,31.410923],[101.459239,31.42304],[101.447767,31.436248],[101.413251,31.439303],[101.407382,31.432176],[101.409483,31.419251],[101.403853,31.399975],[101.382075,31.397724],[101.35155,31.371963],[101.334515,31.370735],[101.330264,31.386736],[101.318499,31.382497],[101.29838,31.360384],[101.283499,31.376828],[101.261971,31.381082],[101.242488,31.39945],[101.246959,31.415638],[101.258253,31.426989],[101.261549,31.469573],[101.241811,31.518462],[101.220485,31.536405],[101.23037,31.554163],[101.250356,31.562072],[101.259907,31.575916],[101.268526,31.577531],[101.27387,31.585181],[101.30351,31.602816],[101.309796,31.61467],[101.326325,31.622721],[101.329446,31.6304],[101.345638,31.627762],[101.366259,31.646386],[101.374701,31.660666],[101.401069,31.676841],[101.44334,31.721278],[101.45989,31.730267],[101.459767,31.73921],[101.482376,31.757619],[101.471639,31.770961],[101.455803,31.779802],[101.450337,31.792157],[101.449952,31.814311],[101.439201,31.826994],[101.426571,31.835933],[101.409313,31.833291],[101.401744,31.836805],[101.39749,31.878297],[101.402481,31.890527],[101.442233,31.881886],[101.456561,31.886898],[101.446296,31.933954],[101.464048,31.951265],[101.471868,31.946431],[101.474436,31.948745],[101.483094,31.971931],[101.501508,31.96917],[101.520913,31.95226],[101.541,31.952564],[101.558828,31.943094],[101.561818,31.936376],[101.572333,31.942308]]]]},"properties":{"name":"金川县","gb":"156513226","valid_cells":5357,"valid_area_km2":5357.0,"level_1_cells":33,"level_2_cells":31,"level_3_cells":5293,"level_1_area_km2":33.0,"level_2_area_km2":31.0,"level_3_area_km2":5293.0,"level_1_share":0.006160164271047228,"level_2_share":0.005786820981892851,"level_3_share":0.98805301474706,"tdpi_high_cells":33,"tdpi_high_area_km2":33.0,"tdpi_high_share":0.006160164271047228,"priority_index":0.030054134776927387,"ranking_area_threshold_km2":100.0,"ranking_eligible":1,"rank":23}},{"type":"Feature","geometry":{"type":"MultiPolygon","coordinates":[[[[99.179936,32.72364],[99.185884,32.728426],[99.196418,32.717682],[99.193932,32.698034],[99.205565,32.683668],[99.208224,32.672387],[99.225186,32.656987],[99.236607,32.655549],[99.244425,32.649418],[99.250743,32.640591],[99.248616,32.62897],[99.266804,32.605022],[99.301472,32.591253],[99.296989,32.580263],[99.322004,32.535487],[99.322001,32.524353],[99.336581,32.517219],[99.359807,32.526152],[99.364271,32.520016],[99.367469,32.492557],[99.373514,32.482595],[99.386616,32.478701],[99.389217,32.461483],[99.396496,32.453836],[99.429084,32.444888],[99.442931,32.421201],[99.459614,32.406476],[99.467295,32.390412],[99.512021,32.35234],[99.522557,32.336965],[99.525269,32.328195],[99.521624,32.319982],[99.530075,32.292752],[99.522733,32.284813],[99.520319,32.267906],[99.550736,32.194786],[99.540945,32.18892],[99.522952,32.189211],[99.509947,32.167463],[99.53368,32.152151],[99.553645,32.153023],[99.561656,32.145286],[99.552119,32.132753],[99.551473,32.105051],[99.543322,32.099682],[99.541698,32.088372],[99.528283,32.072886],[99.52882,32.058734],[99.524136,32.054936],[99.505399,32.063315],[99.496518,32.055441],[99.510755,32.026985],[99.513659,32.024698],[99.533091,32.030832],[99.535343,32.042223],[99.561356,32.04199],[99.583863,32.036],[99.598606,32.018513],[99.599584,32.011536],[99.611573,32.010602],[99.641331,32.018775],[99.651711,31.991214],[99.656215,31.974685],[99.652362,31.967737],[99.619498,31.961975],[99.614426,31.952658],[99.598363,31.955284],[99.592656,31.963709],[99.567709,31.956353],[99.549812,31.957712],[99.532829,31.968714],[99.531178,31.975713],[99.520812,31.985586],[99.468816,31.946486],[99.491209,31.923691],[99.499593,31.922105],[99.486338,31.90339],[99.492186,31.892605],[99.483373,31.880803],[99.514468,31.848099],[99.515746,31.832916],[99.524192,31.82729],[99.529347,31.787323],[99.541768,31.774401],[99.572711,31.756203],[99.578388,31.747792],[99.577341,31.743445],[99.56318,31.739974],[99.557945,31.732642],[99.568464,31.716513],[99.55653,31.689685],[99.541403,31.6796],[99.539499,31.662697],[99.546303,31.648038],[99.54419,31.642254],[99.52703,31.634847],[99.493265,31.63419],[99.492042,31.643516],[99.484968,31.648894],[99.475514,31.645681],[99.470815,31.648732],[99.472841,31.666435],[99.450466,31.658941],[99.407731,31.680644],[99.39989,31.674737],[99.39781,31.63454],[99.380108,31.631027],[99.37014,31.621311],[99.355304,31.617339],[99.304112,31.643156],[99.277266,31.647441],[99.258778,31.638134],[99.22308,31.635048],[99.214099,31.625039],[99.208592,31.606091],[99.19773,31.596167],[99.161255,31.596128],[99.144962,31.605439],[99.137073,31.624321],[99.125218,31.630429],[99.086154,31.635923],[99.080838,31.626549],[99.062774,31.630234],[99.05431,31.640781],[99.031123,31.611424],[99.034285,31.600107],[99.053161,31.589666],[99.069875,31.58682],[99.098668,31.538914],[99.055059,31.509867],[99.051253,31.502083],[99.068671,31.484713],[99.071463,31.464876],[99.096071,31.445698],[99.09457,31.442387],[99.0452,31.431535],[99.024333,31.437272],[99.002641,31.422396],[98.992902,31.421751],[98.979353,31.428397],[98.973824,31.437109],[98.978986,31.470096],[98.928603,31.442083],[98.902176,31.422109],[98.873709,31.415494],[98.863501,31.404611],[98.847198,31.413275],[98.837639,31.436945],[98.81076,31.447531],[98.787613,31.47683],[98.751137,31.490705],[98.7089,31.516068],[98.693954,31.540924],[98.675438,31.559862],[98.644661,31.584177],[98.620926,31.593319],[98.612251,31.607584],[98.594437,31.619183],[98.5858,31.637333],[98.559723,31.654722],[98.554512,31.668264],[98.556244,31.679459],[98.546417,31.68778],[98.554817,31.695255],[98.547676,31.704926],[98.543839,31.721657],[98.52182,31.719786],[98.50135,31.762964],[98.487457,31.768795],[98.477432,31.785347],[98.463203,31.785234],[98.456535,31.789404],[98.462296,31.801481],[98.447342,31.810064],[98.438446,31.833006],[98.414818,31.834105],[98.412468,31.840755],[98.419167,31.86655],[98.406418,31.881744],[98.397789,31.907198],[98.428162,31.933954],[98.421585,31.948641],[98.431992,31.967773],[98.428658,31.984039],[98.431976,32.013504],[98.40316,32.031952],[98.402565,32.047764],[98.357361,32.089741],[98.343239,32.090675],[98.340752,32.100491],[98.325066,32.113483],[98.311836,32.115154],[98.312035,32.127193],[98.299698,32.129604],[98.294746,32.150738],[98.258614,32.212891],[98.241188,32.229656],[98.225304,32.232853],[98.221008,32.24118],[98.220421,32.260002],[98.231194,32.268906],[98.207214,32.321117],[98.211871,32.342714],[98.229032,32.348159],[98.235424,32.367575],[98.247928,32.370598],[98.263346,32.390561],[98.291243,32.408815],[98.287064,32.41899],[98.260055,32.423876],[98.256521,32.428838],[98.26344,32.441545],[98.281894,32.456752],[98.29029,32.459754],[98.305647,32.454421],[98.308315,32.460415],[98.318074,32.464176],[98.343191,32.456812],[98.355592,32.447429],[98.362572,32.449695],[98.411002,32.44186],[98.42657,32.449581],[98.440382,32.444522],[98.445742,32.43601],[98.468654,32.435847],[98.486254,32.430308],[98.516282,32.413456],[98.516387,32.396462],[98.542312,32.379327],[98.542838,32.371434],[98.555012,32.358623],[98.584562,32.345029],[98.64458,32.341823],[98.667003,32.3464],[98.679136,32.353733],[98.723554,32.358365],[98.728507,32.368133],[98.72509,32.383297],[98.733436,32.405062],[98.734558,32.420887],[98.742803,32.421907],[98.753121,32.434694],[98.761122,32.456424],[98.782526,32.468882],[98.786434,32.476175],[98.808554,32.475967],[98.814942,32.488728],[98.828398,32.491982],[98.844235,32.504007],[98.850769,32.51711],[98.872785,32.50912],[98.888986,32.522412],[98.902713,32.523354],[98.900838,32.540564],[98.908202,32.546489],[98.931886,32.546693],[98.9572,32.575391],[98.975379,32.568395],[98.979332,32.592238],[98.991795,32.620112],[98.994882,32.626359],[99.004073,32.630703],[98.991454,32.646276],[99.01508,32.663388],[99.020062,32.689105],[99.012752,32.715997],[99.016592,32.730043],[99.038929,32.729858],[99.051585,32.719917],[99.058655,32.684974],[99.068449,32.681105],[99.093244,32.690871],[99.107009,32.691828],[99.115876,32.716692],[99.126159,32.719492],[99.134983,32.716429],[99.150939,32.702332],[99.156535,32.704775],[99.159574,32.717591],[99.165871,32.719513],[99.173837,32.713478],[99.179936,32.72364]]]]},"properties":{"name":"德格县","gb":"156513330","valid_cells":11393,"valid_area_km2":11393.0,"level_1_cells":64,"level_2_cells":71,"level_3_cells":11258,"level_1_area_km2":64.0,"level_2_area_km2":71.0,"level_3_area_km2":11258.0,"level_1_share":0.005617484420258053,"level_2_share":0.006231896778723778,"level_3_share":0.9881506188010182,"tdpi_high_cells":74,"tdpi_high_area_km2":74.0,"tdpi_high_share":0.006495216360923374,"priority_index":0.029316246818221717,"ranking_area_threshold_km2":100.0,"ranking_eligible":1,"rank":24}},{"type":"Feature","geometry":{"type":"MultiPolygon","coordinates":[[[[100.663904,32.524775],[100.656784,32.516316],[100.632974,32.51295],[100.621394,32.505549],[100.618576,32.496464],[100.628483,32.483301],[100.629076,32.474924],[100.615538,32.445916],[100.595728,32.441239],[100.591083,32.434067],[100.59359,32.429814],[100.587871,32.426801],[100.564568,32.423907],[100.555494,32.418864],[100.53047,32.387716],[100.52758,32.373156],[100.53427,32.366614],[100.525213,32.346184],[100.531717,32.339966],[100.533186,32.325193],[100.552537,32.306426],[100.551868,32.283728],[100.56075,32.277216],[100.573665,32.281411],[100.58488,32.278671],[100.587827,32.268128],[100.579318,32.264345],[100.579019,32.256563],[100.594983,32.232939],[100.603579,32.234576],[100.623252,32.2247],[100.633382,32.235288],[100.654288,32.222627],[100.660852,32.223583],[100.667605,32.218802],[100.67477,32.195609],[100.680981,32.189852],[100.713512,32.183795],[100.728402,32.172707],[100.729341,32.166425],[100.720409,32.161298],[100.701661,32.164442],[100.689599,32.156912],[100.694557,32.135558],[100.714054,32.124091],[100.722901,32.113893],[100.724117,32.102903],[100.76083,32.088118],[100.763155,32.073069],[100.778961,32.063803],[100.785282,32.050097],[100.798207,32.054277],[100.783638,32.01246],[100.790072,31.999924],[100.80361,31.993509],[100.812059,31.998327],[100.81833,31.996319],[100.832425,31.982074],[100.867135,31.960503],[100.875632,31.962438],[100.877296,31.968158],[100.947372,31.988963],[100.957257,31.988069],[100.960673,31.979895],[100.988089,31.981105],[101.008995,31.963444],[101.011232,31.952933],[101.007903,31.944002],[100.990566,31.933343],[100.986531,31.921266],[100.986306,31.913983],[100.998798,31.893519],[100.993952,31.868743],[100.948792,31.863284],[100.950879,31.850092],[100.938458,31.825636],[100.913564,31.806328],[100.892256,31.799826],[100.879541,31.788299],[100.869719,31.792587],[100.86022,31.787288],[100.810963,31.774046],[100.78426,31.752456],[100.776056,31.734787],[100.749407,31.754623],[100.739436,31.751014],[100.722715,31.753929],[100.70999,31.77492],[100.690387,31.775862],[100.672323,31.78492],[100.660703,31.80123],[100.650794,31.80197],[100.644959,31.790218],[100.638498,31.790448],[100.638772,31.797761],[100.617732,31.820793],[100.58923,31.84542],[100.57224,31.851599],[100.568576,31.849883],[100.575286,31.830529],[100.590753,31.812557],[100.594984,31.799258],[100.578138,31.786862],[100.561509,31.783623],[100.559034,31.776928],[100.557871,31.759567],[100.571059,31.750811],[100.575498,31.741022],[100.568758,31.704364],[100.566028,31.699195],[100.512199,31.703125],[100.515782,31.684745],[100.506096,31.67766],[100.491568,31.681885],[100.472757,31.70566],[100.470148,31.714198],[100.474538,31.719926],[100.475284,31.733734],[100.457705,31.760756],[100.444084,31.769455],[100.43434,31.782647],[100.415582,31.848348],[100.412211,31.853244],[100.390292,31.859738],[100.397096,31.869638],[100.398036,31.879555],[100.385455,31.899971],[100.387078,31.911163],[100.368744,31.926276],[100.366256,31.936066],[100.369638,31.961178],[100.330154,31.983832],[100.314043,31.982919],[100.304917,31.975979],[100.292967,31.981001],[100.279582,31.978275],[100.27531,31.987858],[100.277504,32.004757],[100.272462,32.013273],[100.273678,32.02452],[100.266567,32.033408],[100.270175,32.044843],[100.25678,32.046533],[100.244613,32.065169],[100.247509,32.069808],[100.240535,32.100313],[100.216613,32.115348],[100.18438,32.100017],[100.177595,32.079636],[100.148557,32.074935],[100.144281,32.066171],[100.150144,32.04188],[100.147521,32.017772],[100.162099,32.008041],[100.168739,31.997479],[100.165197,31.990391],[100.15154,31.980287],[100.131715,31.977558],[100.124849,31.958959],[100.117945,31.952179],[100.107427,31.96657],[100.109022,31.974088],[100.076583,31.954738],[100.070954,31.989587],[100.062843,31.99456],[100.055971,31.990703],[100.044074,31.995086],[100.035953,31.992556],[100.03468,31.962817],[100.043638,31.943219],[100.038456,31.936207],[100.036743,31.909331],[100.026614,31.879907],[100.014397,31.871698],[100.00658,31.846188],[99.985799,31.848827],[99.965674,31.86562],[99.96508,31.890708],[99.97126,31.901108],[99.96487,31.915378],[99.942031,31.943718],[99.919891,31.95047],[99.906557,31.967525],[99.904443,31.991008],[99.894855,31.993545],[99.887657,32.004372],[99.886821,32.021068],[99.875497,32.02758],[99.880207,32.043269],[99.876633,32.054057],[99.867958,32.066649],[99.838907,32.088929],[99.828813,32.107184],[99.829718,32.113127],[99.818699,32.125394],[99.828216,32.135947],[99.814084,32.150413],[99.814995,32.163649],[99.827027,32.166536],[99.847049,32.188078],[99.860887,32.176653],[99.887412,32.183092],[99.88881,32.189295],[99.880528,32.211898],[99.858342,32.255137],[99.854754,32.276347],[99.861694,32.306945],[99.867123,32.313706],[99.880067,32.32042],[99.898351,32.318823],[99.905841,32.32599],[99.897412,32.37128],[99.888735,32.38593],[99.879464,32.427897],[99.864072,32.446865],[99.84451,32.441868],[99.829135,32.430753],[99.821638,32.435132],[99.82034,32.443589],[99.802927,32.44843],[99.803131,32.475143],[99.798812,32.487747],[99.779433,32.496615],[99.766266,32.507697],[99.76093,32.518349],[99.749559,32.521147],[99.742466,32.53649],[99.723771,32.543096],[99.70963,32.526898],[99.692422,32.522209],[99.687136,32.524971],[99.663918,32.571134],[99.655402,32.572167],[99.648271,32.583017],[99.643232,32.582109],[99.629959,32.564282],[99.624095,32.566272],[99.614863,32.579377],[99.603137,32.573442],[99.584905,32.574154],[99.586863,32.592382],[99.578764,32.609332],[99.552621,32.626946],[99.521914,32.661216],[99.501141,32.725758],[99.489751,32.735597],[99.465768,32.745221],[99.459864,32.759392],[99.440611,32.774044],[99.402365,32.787103],[99.378371,32.810426],[99.371444,32.822206],[99.371105,32.832946],[99.381742,32.851129],[99.353129,32.887049],[99.360314,32.911819],[99.372711,32.901978],[99.418587,32.884438],[99.450981,32.864159],[99.501579,32.856274],[99.567779,32.83112],[99.584556,32.819054],[99.614639,32.780556],[99.635345,32.781471],[99.648972,32.790794],[99.664658,32.770721],[99.70707,32.762325],[99.713493,32.738445],[99.729874,32.72224],[99.741608,32.720112],[99.742401,32.746674],[99.76535,32.788536],[99.768631,32.830502],[99.787529,32.863464],[99.789368,32.874317],[99.785461,32.922947],[99.769783,32.921871],[99.759727,32.926632],[99.765129,32.946568],[99.774612,32.955906],[99.79306,32.954025],[99.819771,32.942101],[99.841385,32.944889],[99.862244,32.940926],[99.878937,33.006886],[99.880724,33.047242],[99.883888,33.054718],[99.893837,33.05835],[99.900085,33.0509],[99.928391,32.998356],[99.948692,32.978592],[99.952179,32.961533],[99.964409,32.945175],[99.97197,32.940289],[100.014801,32.947601],[100.026733,32.945343],[100.033081,32.936768],[100.024773,32.906429],[100.026245,32.899303],[100.032959,32.894844],[100.049064,32.89687],[100.071838,32.89283],[100.078506,32.886765],[100.077484,32.877617],[100.082237,32.871353],[100.109169,32.859219],[100.116692,32.8316],[100.115723,32.79015],[100.13501,32.731861],[100.132141,32.725494],[100.111404,32.710041],[100.102593,32.693237],[100.090698,32.683811],[100.087448,32.672413],[100.089447,32.664822],[100.105278,32.656994],[100.116318,32.641228],[100.188774,32.628983],[100.204025,32.608784],[100.212395,32.607029],[100.219398,32.61607],[100.227158,32.644798],[100.230598,32.663292],[100.228462,32.686695],[100.236244,32.715652],[100.243805,32.724907],[100.251724,32.726597],[100.260857,32.743847],[100.318527,32.724915],[100.339157,32.724071],[100.401077,32.757664],[100.402588,32.743416],[100.395958,32.740101],[100.37606,32.70031],[100.389328,32.696995],[100.399826,32.715782],[100.417511,32.733467],[100.422264,32.731426],[100.444115,32.700706],[100.45491,32.702583],[100.467964,32.695412],[100.470764,32.677254],[100.497536,32.657612],[100.512642,32.636066],[100.503471,32.62957],[100.512039,32.621777],[100.510765,32.612778],[100.532753,32.606831],[100.527863,32.596436],[100.537567,32.594631],[100.53344,32.581203],[100.541046,32.571934],[100.566765,32.570381],[100.574203,32.55735],[100.582298,32.559357],[100.59269,32.553009],[100.604233,32.552643],[100.614296,32.538773],[100.626823,32.540638],[100.652855,32.526257],[100.663904,32.524775]]]]},"properties":{"name":"色达县","gb":"156513333","valid_cells":8725,"valid_area_km2":8725.0,"level_1_cells":31,"level_2_cells":30,"level_3_cells":8664,"level_1_area_km2":31.0,"level_2_area_km2":30.0,"level_3_area_km2":8664.0,"level_1_share":0.0035530085959885388,"level_2_share":0.0034383954154727794,"level_3_share":0.9930085959885386,"tdpi_high_cells":31,"tdpi_high_area_km2":31.0,"tdpi_high_share":0.0035530085959885388,"priority_index":0.017535816618911175,"ranking_area_threshold_km2":100.0,"ranking_eligible":1,"rank":25}},{"type":"Feature","geometry":{"type":"MultiPolygon","coordinates":[[[[98.399991,34.086147],[98.402023,34.059895],[98.426773,34.036686],[98.427498,34.011948],[98.441765,33.991974],[98.435615,33.972523],[98.412659,33.952435],[98.406548,33.93985],[98.405968,33.93298],[98.421326,33.914612],[98.422676,33.906361],[98.407837,33.871269],[98.416656,33.86972],[98.43338,33.850891],[98.462402,33.847927],[98.490837,33.797386],[98.485565,33.781593],[98.49189,33.770008],[98.515053,33.773171],[98.527687,33.764744],[98.532951,33.748951],[98.58033,33.734211],[98.594017,33.719471],[98.592964,33.708939],[98.600334,33.69104],[98.630875,33.674194],[98.646668,33.660507],[98.638779,33.644398],[98.623657,33.643089],[98.618553,33.633194],[98.63295,33.608158],[98.646919,33.60397],[98.654823,33.595684],[98.658287,33.579403],[98.650406,33.54829],[98.653397,33.54438],[98.670937,33.542232],[98.683716,33.527741],[98.708847,33.513863],[98.727455,33.509872],[98.727028,33.489029],[98.743134,33.480007],[98.74514,33.455944],[98.734718,33.417057],[98.783035,33.36364],[98.780685,33.343494],[98.767998,33.330284],[98.770783,33.301861],[98.762718,33.285187],[98.791931,33.27906],[98.810402,33.264286],[98.805435,33.225605],[98.814583,33.208599],[98.829498,33.196362],[98.832131,33.184204],[98.852394,33.159336],[98.918655,33.121548],[98.968551,33.117065],[98.974137,33.102131],[98.996117,33.090511],[99.017074,33.086227],[99.023155,33.09351],[99.034088,33.095486],[99.056602,33.083393],[99.09322,33.074334],[99.130936,33.049088],[99.170464,33.047588],[99.189317,33.037419],[99.206635,33.01976],[99.21241,33.002525],[99.234558,32.987656],[99.231293,32.966839],[99.246605,32.950886],[99.246269,32.925461],[99.270905,32.888332],[99.263975,32.88296],[99.244215,32.893193],[99.210123,32.880227],[99.195831,32.879932],[99.167816,32.890158],[99.160606,32.882769],[99.140856,32.877021],[99.145672,32.839049],[99.142704,32.812174],[99.147171,32.809069],[99.151404,32.787875],[99.162767,32.775245],[99.159881,32.756711],[99.16269,32.732782],[99.179936,32.72364],[99.173837,32.713478],[99.165871,32.719513],[99.159574,32.717591],[99.156535,32.704775],[99.150939,32.702332],[99.134983,32.716429],[99.126159,32.719492],[99.115876,32.716692],[99.107009,32.691828],[99.093244,32.690871],[99.068449,32.681105],[99.058655,32.684974],[99.051585,32.719917],[99.038929,32.729858],[99.016592,32.730043],[99.012752,32.715997],[99.020062,32.689105],[99.01508,32.663388],[98.991454,32.646276],[99.004073,32.630703],[98.994882,32.626359],[98.991795,32.620112],[98.979332,32.592238],[98.975379,32.568395],[98.9572,32.575391],[98.931886,32.546693],[98.908202,32.546489],[98.900838,32.540564],[98.902713,32.523354],[98.888986,32.522412],[98.872785,32.50912],[98.850769,32.51711],[98.844235,32.504007],[98.828398,32.491982],[98.814942,32.488728],[98.808554,32.475967],[98.786434,32.476175],[98.782526,32.468882],[98.761122,32.456424],[98.753121,32.434694],[98.742803,32.421907],[98.734558,32.420887],[98.733436,32.405062],[98.72509,32.383297],[98.728507,32.368133],[98.723554,32.358365],[98.679136,32.353733],[98.667003,32.3464],[98.64458,32.341823],[98.584562,32.345029],[98.555012,32.358623],[98.542838,32.371434],[98.542312,32.379327],[98.516387,32.396462],[98.516282,32.413456],[98.486254,32.430308],[98.468654,32.435847],[98.445742,32.43601],[98.440382,32.444522],[98.42657,32.449581],[98.411002,32.44186],[98.362572,32.449695],[98.355592,32.447429],[98.343191,32.456812],[98.318074,32.464176],[98.308315,32.460415],[98.305647,32.454421],[98.29029,32.459754],[98.281894,32.456752],[98.26344,32.441545],[98.256521,32.428838],[98.260055,32.423876],[98.287064,32.41899],[98.291243,32.408815],[98.263346,32.390561],[98.247928,32.370598],[98.235424,32.367575],[98.229032,32.348159],[98.211871,32.342714],[98.195457,32.362644],[98.184845,32.364273],[98.17086,32.377224],[98.139854,32.379078],[98.124252,32.403332],[98.109924,32.394455],[98.097649,32.403618],[98.078125,32.403072],[98.073051,32.420437],[98.064178,32.420532],[98.05101,32.43045],[98.037735,32.432842],[98.022057,32.454075],[98.011398,32.45343],[97.969078,32.474918],[97.947754,32.473614],[97.931938,32.486557],[97.880501,32.490788],[97.831863,32.507767],[97.807846,32.504204],[97.795532,32.514843],[97.794708,32.52087],[97.786751,32.523945],[97.777,32.525528],[97.765388,32.5196],[97.756676,32.535473],[97.729965,32.529659],[97.708694,32.534336],[97.688408,32.548782],[97.6689,32.552685],[97.638039,32.578491],[97.623848,32.5816],[97.610642,32.595234],[97.605499,32.617092],[97.58503,32.614216],[97.577957,32.61953],[97.545982,32.623493],[97.538025,32.628811],[97.534553,32.639366],[97.516762,32.638718],[97.513283,32.648525],[97.487526,32.653938],[97.445091,32.691048],[97.440704,32.699352],[97.426498,32.704693],[97.426613,32.722],[97.3843,32.787689],[97.377373,32.818581],[97.378311,32.826855],[97.388138,32.830574],[97.390854,32.836582],[97.38208,32.858448],[97.385712,32.868969],[97.372383,32.87656],[97.373352,32.888596],[97.362663,32.890903],[97.357364,32.907739],[97.363922,32.934032],[97.36216,32.948685],[97.371086,32.956982],[97.436035,32.979553],[97.471199,32.978817],[97.493515,32.983047],[97.518249,32.993927],[97.519837,33.001263],[97.502823,33.016994],[97.501396,33.026608],[97.539505,33.037773],[97.543815,33.045811],[97.519768,33.09404],[97.512634,33.100418],[97.497872,33.10379],[97.489075,33.112454],[97.485443,33.124119],[97.495705,33.140659],[97.485512,33.154129],[97.48732,33.168339],[97.513703,33.185184],[97.526413,33.204712],[97.558052,33.214928],[97.599342,33.258388],[97.609085,33.276981],[97.61808,33.332912],[97.625404,33.344391],[97.63414,33.347858],[97.656341,33.342892],[97.675194,33.348911],[97.701614,33.377628],[97.734421,33.389183],[97.769943,33.42062],[97.750671,33.435722],[97.71701,33.426468],[97.676155,33.434818],[97.654152,33.450783],[97.625321,33.46122],[97.597115,33.458137],[97.58194,33.474342],[97.569382,33.466503],[97.558136,33.467144],[97.543979,33.491619],[97.520844,33.510967],[97.513641,33.522388],[97.522102,33.570763],[97.519272,33.583351],[97.480782,33.592564],[97.445663,33.590557],[97.411972,33.61581],[97.405876,33.623112],[97.404968,33.633644],[97.424515,33.663296],[97.429558,33.686234],[97.416184,33.74435],[97.41745,33.758328],[97.40477,33.796059],[97.395866,33.808151],[97.375679,33.820866],[97.370873,33.835503],[97.376297,33.845154],[97.395782,33.85305],[97.388329,33.888744],[97.390762,33.894943],[97.422211,33.888699],[97.45414,33.892067],[97.470848,33.904522],[97.491226,33.905533],[97.506882,33.913166],[97.532822,33.906639],[97.551491,33.917484],[97.59906,33.933479],[97.613678,33.932617],[97.632194,33.922379],[97.638245,33.924],[97.645019,33.946243],[97.660103,33.96233],[97.654381,34.002399],[97.656822,34.011341],[97.665344,34.015949],[97.692726,34.018719],[97.705688,34.047813],[97.70092,34.064289],[97.675659,34.094212],[97.665878,34.117085],[97.664398,34.12796],[97.69751,34.134724],[97.740478,34.156311],[97.761097,34.161008],[97.785438,34.176888],[97.794861,34.198761],[97.808983,34.208778],[97.865227,34.206783],[97.892311,34.209881],[97.944,34.199181],[98.010628,34.14677],[98.025131,34.124813],[98.042351,34.116951],[98.059761,34.121613],[98.074997,34.118729],[98.080872,34.124355],[98.097595,34.123478],[98.130005,34.108074],[98.156616,34.107536],[98.197174,34.088764],[98.207275,34.079372],[98.309029,34.088928],[98.327507,34.097828],[98.399991,34.086147]]]]},"properties":{"name":"石渠县","gb":"156513332","valid_cells":22273,"valid_area_km2":22273.0,"level_1_cells":46,"level_2_cells":118,"level_3_cells":22109,"level_1_area_km2":46.0,"level_2_area_km2":118.0,"level_3_area_km2":22109.0,"level_1_share":0.002065280833295919,"level_2_share":0.0052978943114982266,"level_3_share":0.9926368248552059,"tdpi_high_cells":46,"tdpi_high_area_km2":46.0,"tdpi_high_share":0.002065280833295919,"priority_index":0.01679163112288421,"ranking_area_threshold_km2":100.0,"ranking_eligible":1,"rank":26}},{"type":"Feature","geometry":{"type":"MultiPolygon","coordinates":[[[[101.957058,29.31889],[101.985685,29.300709],[102.029332,29.293573],[102.049803,29.300743],[102.067883,29.292479],[102.071878,29.286427],[102.091767,29.276699],[102.123611,29.240965],[102.125117,29.235693],[102.114366,29.222032],[102.075459,29.20033],[102.064437,29.199412],[102.051395,29.180196],[102.079689,29.171879],[102.092053,29.183967],[102.106941,29.189714],[102.12967,29.177326],[102.128451,29.162756],[102.152485,29.145504],[102.157714,29.134265],[102.15003,29.102908],[102.15526,29.086295],[102.169986,29.080606],[102.154276,29.053163],[102.161802,29.037895],[102.151071,29.038228],[102.141158,29.028858],[102.142156,29.022266],[102.121039,29.013825],[102.116801,28.99952],[102.104157,28.988231],[102.051612,28.955991],[102.05002,28.923747],[102.045,28.919089],[102.021389,28.909566],[102.008631,28.913223],[101.99986,28.908566],[101.996744,28.898768],[101.985166,28.889829],[101.988377,28.864399],[101.956089,28.829293],[101.985199,28.805982],[101.985559,28.785819],[101.998001,28.767474],[101.99701,28.754063],[102.009466,28.743455],[102.019283,28.725788],[101.999828,28.7122],[101.949909,28.69113],[101.9483,28.675339],[101.912106,28.616171],[101.897238,28.610655],[101.874712,28.617267],[101.831365,28.598054],[101.753412,28.542204],[101.749904,28.53473],[101.755238,28.495207],[101.747047,28.45954],[101.730159,28.432403],[101.729392,28.412362],[101.714201,28.382508],[101.669869,28.356138],[101.629941,28.357115],[101.620674,28.376253],[101.600053,28.367199],[101.588263,28.352116],[101.568326,28.33895],[101.54446,28.331596],[101.530294,28.322384],[101.504185,28.317378],[101.495457,28.32122],[101.483516,28.318969],[101.476819,28.323446],[101.475329,28.343338],[101.467956,28.356323],[101.474242,28.369084],[101.466639,28.409235],[101.463352,28.414619],[101.447937,28.4195],[101.448233,28.429349],[101.441615,28.442094],[101.442983,28.456762],[101.43103,28.486587],[101.424328,28.493786],[101.372981,28.466294],[101.368244,28.470255],[101.369217,28.47479],[101.394293,28.493218],[101.400197,28.512223],[101.410755,28.521696],[101.430336,28.510716],[101.463133,28.509456],[101.520188,28.496261],[101.563119,28.477943],[101.589908,28.477189],[101.625567,28.492726],[101.616132,28.513171],[101.620615,28.520413],[101.618708,28.540965],[101.590052,28.553269],[101.585862,28.567566],[101.572397,28.582071],[101.556915,28.584919],[101.544301,28.600795],[101.538463,28.599175],[101.533055,28.589939],[101.508679,28.589155],[101.505428,28.605262],[101.478087,28.632087],[101.456951,28.630071],[101.453068,28.624215],[101.444508,28.622562],[101.435328,28.632664],[101.438426,28.640618],[101.427615,28.647886],[101.400966,28.642248],[101.391476,28.634929],[101.365846,28.631888],[101.369814,28.645324],[101.367203,28.65251],[101.360259,28.658152],[101.358671,28.666833],[101.348142,28.672918],[101.334892,28.663063],[101.301189,28.677156],[101.276969,28.668357],[101.246557,28.666175],[101.228761,28.670734],[101.209205,28.656931],[101.196648,28.65652],[101.203756,28.671609],[101.20332,28.686313],[101.209951,28.694762],[101.198271,28.731739],[101.199049,28.744685],[101.206847,28.757153],[101.188858,28.7657],[101.171892,28.79219],[101.174479,28.830882],[101.170125,28.839916],[101.192527,28.897849],[101.182576,28.900553],[101.178507,28.909939],[101.18474,28.941595],[101.180293,28.948019],[101.160872,28.949036],[101.15419,28.963259],[101.153135,28.978813],[101.142556,29.000328],[101.154907,29.012931],[101.15476,29.02652],[101.1399,29.039681],[101.139165,29.057463],[101.116934,29.076018],[101.115036,29.085917],[101.120839,29.101144],[101.118274,29.123921],[101.104522,29.136952],[101.116783,29.151415],[101.136851,29.150582],[101.16223,29.168337],[101.198824,29.166482],[101.206978,29.170044],[101.210681,29.181737],[101.234789,29.21042],[101.231328,29.223578],[101.233634,29.231886],[101.247606,29.231856],[101.255232,29.236269],[101.282099,29.233259],[101.289976,29.222748],[101.284187,29.211782],[101.288331,29.204647],[101.300054,29.206843],[101.303783,29.190098],[101.336223,29.19342],[101.347516,29.1996],[101.361049,29.222121],[101.371355,29.249369],[101.379017,29.255345],[101.377421,29.265378],[101.402921,29.277626],[101.407941,29.274668],[101.419434,29.276875],[101.44032,29.309501],[101.451666,29.312843],[101.463372,29.327905],[101.480409,29.335994],[101.506227,29.333339],[101.492882,29.299719],[101.497268,29.292747],[101.522327,29.283423],[101.539987,29.306081],[101.547775,29.306964],[101.55943,29.301965],[101.556495,29.295988],[101.560888,29.284934],[101.587852,29.289843],[101.596318,29.299072],[101.60298,29.299566],[101.611124,29.289504],[101.63153,29.291714],[101.6449,29.283886],[101.66499,29.292257],[101.672775,29.285141],[101.688376,29.282446],[101.692662,29.26893],[101.709445,29.254688],[101.699484,29.237328],[101.696773,29.222047],[101.715715,29.194867],[101.723997,29.201437],[101.763817,29.214884],[101.780606,29.228162],[101.79485,29.229788],[101.802932,29.225733],[101.824798,29.231898],[101.836223,29.249328],[101.851478,29.256613],[101.874177,29.277993],[101.90689,29.294668],[101.927639,29.295245],[101.932362,29.306479],[101.957058,29.31889]]]]},"properties":{"name":"九龙县","gb":"156513324","valid_cells":6714,"valid_area_km2":6714.0,"level_1_cells":2,"level_2_cells":53,"level_3_cells":6659,"level_1_area_km2":2.0,"level_2_area_km2":53.0,"level_3_area_km2":6659.0,"level_1_share":0.0002978850163836759,"level_2_share":0.007893952934167411,"level_3_share":0.9918081620494489,"tdpi_high_cells":48,"tdpi_high_area_km2":48.0,"tdpi_high_share":0.0071492403932082215,"priority_index":0.01668156091748585,"ranking_area_threshold_km2":100.0,"ranking_eligible":1,"rank":27}},{"type":"Feature","geometry":{"type":"MultiPolygon","coordinates":[[[[101.116943,32.636398],[101.122561,32.637305],[101.126786,32.646412],[101.149259,32.634416],[101.169153,32.606155],[101.175954,32.56065],[101.195155,32.542945],[101.210472,32.540555],[101.218729,32.530313],[101.218943,32.522243],[101.206179,32.514929],[101.208602,32.490325],[101.20544,32.471138],[101.221102,32.452579],[101.244413,32.44831],[101.304001,32.459379],[101.311251,32.449607],[101.313989,32.404584],[101.322987,32.399859],[101.32809,32.381959],[101.334435,32.385807],[101.358266,32.369416],[101.373923,32.381379],[101.390786,32.372571],[101.407535,32.375591],[101.415202,32.370332],[101.422397,32.362057],[101.418048,32.357031],[101.419934,32.351994],[101.466161,32.340779],[101.472727,32.330433],[101.472982,32.319535],[101.485309,32.311195],[101.468541,32.278163],[101.469428,32.255665],[101.436821,32.243183],[101.4369,32.233882],[101.420726,32.214739],[101.418495,32.197222],[101.398295,32.200473],[101.394666,32.167697],[101.38151,32.155376],[101.372233,32.138948],[101.346867,32.124795],[101.340703,32.108292],[101.328135,32.094364],[101.325741,32.072121],[101.298927,32.068107],[101.299329,32.052846],[101.286211,32.04481],[101.280495,32.014431],[101.28298,32.002455],[101.312058,32.01134],[101.328647,32.007192],[101.332827,31.993723],[101.344327,31.988667],[101.349405,31.980799],[101.357651,31.981509],[101.371854,31.994656],[101.389737,31.98221],[101.384076,31.961163],[101.395148,31.946495],[101.401569,31.943798],[101.412666,31.951603],[101.429203,31.946158],[101.436029,31.9498],[101.446296,31.933954],[101.456561,31.886898],[101.442233,31.881886],[101.402481,31.890527],[101.39749,31.878297],[101.401744,31.836805],[101.409313,31.833291],[101.426571,31.835933],[101.439201,31.826994],[101.449952,31.814311],[101.450337,31.792157],[101.455803,31.779802],[101.471639,31.770961],[101.482376,31.757619],[101.459767,31.73921],[101.45989,31.730267],[101.44334,31.721278],[101.401069,31.676841],[101.374701,31.660666],[101.366259,31.646386],[101.345638,31.627762],[101.329446,31.6304],[101.326325,31.622721],[101.309796,31.61467],[101.30351,31.602816],[101.27387,31.585181],[101.268526,31.577531],[101.259907,31.575916],[101.250356,31.562072],[101.23037,31.554163],[101.220485,31.536405],[101.213312,31.529056],[101.207447,31.510124],[101.199438,31.506988],[101.184326,31.51016],[101.170708,31.50468],[101.167278,31.498419],[101.146178,31.501134],[101.111365,31.472617],[101.103384,31.471959],[101.089769,31.49085],[101.079192,31.495381],[101.069158,31.514708],[101.06628,31.517145],[101.068722,31.534055],[101.055065,31.548783],[101.058936,31.569753],[101.073924,31.578468],[101.061598,31.592047],[101.05321,31.592973],[101.048995,31.605983],[101.061787,31.627239],[101.059266,31.63328],[101.046488,31.637028],[101.032572,31.635368],[101.021123,31.640893],[101.020374,31.655875],[100.967301,31.683969],[100.962314,31.700331],[100.965039,31.718174],[100.950467,31.725164],[100.94826,31.734858],[100.93473,31.752006],[100.893953,31.738793],[100.863251,31.743167],[100.855037,31.751355],[100.850506,31.766416],[100.860913,31.781737],[100.86022,31.787288],[100.869719,31.792587],[100.879541,31.788299],[100.892256,31.799826],[100.913564,31.806328],[100.938458,31.825636],[100.950879,31.850092],[100.948792,31.863284],[100.993952,31.868743],[100.998798,31.893519],[100.986306,31.913983],[100.986531,31.921266],[100.990566,31.933343],[101.007903,31.944002],[101.011232,31.952933],[101.008995,31.963444],[100.988089,31.981105],[100.960673,31.979895],[100.957257,31.988069],[100.947372,31.988963],[100.877296,31.968158],[100.875632,31.962438],[100.867135,31.960503],[100.832425,31.982074],[100.81833,31.996319],[100.812059,31.998327],[100.80361,31.993509],[100.790072,31.999924],[100.783638,32.01246],[100.798207,32.054277],[100.785282,32.050097],[100.778961,32.063803],[100.763155,32.073069],[100.76083,32.088118],[100.724117,32.102903],[100.722901,32.113893],[100.714054,32.124091],[100.694557,32.135558],[100.689599,32.156912],[100.701661,32.164442],[100.720409,32.161298],[100.729341,32.166425],[100.728402,32.172707],[100.713512,32.183795],[100.680981,32.189852],[100.67477,32.195609],[100.667605,32.218802],[100.660852,32.223583],[100.654288,32.222627],[100.633382,32.235288],[100.623252,32.2247],[100.603579,32.234576],[100.594983,32.232939],[100.579019,32.256563],[100.579318,32.264345],[100.587827,32.268128],[100.58488,32.278671],[100.573665,32.281411],[100.56075,32.277216],[100.551868,32.283728],[100.552537,32.306426],[100.533186,32.325193],[100.531717,32.339966],[100.525213,32.346184],[100.53427,32.366614],[100.52758,32.373156],[100.53047,32.387716],[100.555494,32.418864],[100.564568,32.423907],[100.587871,32.426801],[100.59359,32.429814],[100.591083,32.434067],[100.595728,32.441239],[100.615538,32.445916],[100.629076,32.474924],[100.628483,32.483301],[100.618576,32.496464],[100.621394,32.505549],[100.632974,32.51295],[100.656784,32.516316],[100.663904,32.524775],[100.655891,32.564198],[100.655663,32.602463],[100.661415,32.622501],[100.67379,32.627964],[100.706688,32.611668],[100.717026,32.612587],[100.718254,32.617371],[100.708282,32.64669],[100.677872,32.673927],[100.682732,32.682072],[100.693573,32.681149],[100.735672,32.654335],[100.751663,32.653523],[100.763436,32.665405],[100.768143,32.650864],[100.77478,32.645905],[100.793068,32.64893],[100.844032,32.646393],[100.882218,32.634968],[100.930641,32.604733],[100.95652,32.624279],[100.982887,32.625248],[101.001106,32.634434],[101.019409,32.645672],[101.040325,32.667189],[101.065758,32.681896],[101.074684,32.682335],[101.093796,32.672623],[101.113426,32.673431],[101.105873,32.646584],[101.107353,32.640503],[101.116943,32.636398]]]]},"properties":{"name":"壤塘县","gb":"156513230","valid_cells":6618,"valid_area_km2":6618.0,"level_1_cells":13,"level_2_cells":34,"level_3_cells":6571,"level_1_area_km2":13.0,"level_2_area_km2":34.0,"level_3_area_km2":6571.0,"level_1_share":0.001964339679661529,"level_2_share":0.005137503777576307,"level_3_share":0.9928981565427621,"tdpi_high_cells":17,"tdpi_high_area_km2":17.0,"tdpi_high_share":0.0025687518887881535,"priority_index":0.0161680265941372,"ranking_area_threshold_km2":100.0,"ranking_eligible":1,"rank":28}},{"type":"Feature","geometry":{"type":"MultiPolygon","coordinates":[[[[99.546303,31.648038],[99.583006,31.650493],[99.605252,31.641444],[99.601844,31.628836],[99.610772,31.616408],[99.625851,31.612481],[99.629547,31.593463],[99.626968,31.582393],[99.644027,31.551281],[99.657969,31.537271],[99.667853,31.529331],[99.688845,31.525825],[99.724403,31.512208],[99.761511,31.490993],[99.805386,31.448093],[99.81109,31.446504],[99.82361,31.459587],[99.847858,31.458871],[99.860146,31.454315],[99.869023,31.472781],[99.887494,31.48426],[99.914962,31.471096],[99.913382,31.464237],[99.926833,31.448134],[99.939371,31.441253],[99.967624,31.400479],[99.984281,31.402434],[99.989053,31.441961],[99.997778,31.44935],[100.011261,31.446531],[100.022639,31.453129],[100.017937,31.474416],[100.029015,31.493785],[100.048635,31.511014],[100.062712,31.516014],[100.071131,31.513516],[100.09068,31.53265],[100.112055,31.522741],[100.122488,31.493297],[100.162289,31.479403],[100.202736,31.457364],[100.225338,31.451719],[100.251963,31.471773],[100.264381,31.473529],[100.275827,31.480851],[100.307837,31.478718],[100.319917,31.471924],[100.353374,31.441798],[100.363106,31.421027],[100.387726,31.420894],[100.415811,31.40939],[100.407128,31.389085],[100.410366,31.386346],[100.42472,31.381205],[100.453472,31.37969],[100.468496,31.371571],[100.452413,31.344108],[100.459063,31.29781],[100.472521,31.303265],[100.48478,31.302216],[100.493709,31.287638],[100.493095,31.262976],[100.504322,31.25428],[100.502364,31.235128],[100.536035,31.222047],[100.546358,31.21095],[100.54968,31.180607],[100.554258,31.172509],[100.570791,31.168302],[100.601476,31.169275],[100.608869,31.135362],[100.63718,31.14001],[100.655406,31.119706],[100.671692,31.121481],[100.684221,31.117172],[100.67724,31.109224],[100.679177,31.10334],[100.646888,31.082697],[100.635228,31.066328],[100.639469,31.062242],[100.655266,31.06482],[100.674164,31.059639],[100.700518,31.042265],[100.668802,31.003275],[100.657977,30.981811],[100.663094,30.967517],[100.672343,30.961115],[100.669932,30.951674],[100.678663,30.943802],[100.669513,30.926251],[100.67416,30.918695],[100.691552,30.908317],[100.691187,30.896601],[100.723418,30.900654],[100.733553,30.890466],[100.751914,30.889713],[100.758397,30.867851],[100.778795,30.857216],[100.782018,30.845329],[100.798566,30.844229],[100.811706,30.833625],[100.820704,30.835053],[100.826189,30.825132],[100.837455,30.822532],[100.848166,30.806967],[100.862073,30.808481],[100.874829,30.79873],[100.883287,30.800344],[100.891078,30.794504],[100.893239,30.77311],[100.880248,30.760144],[100.890771,30.728456],[100.858771,30.709153],[100.863094,30.68796],[100.850981,30.685998],[100.846325,30.678331],[100.857508,30.658014],[100.893037,30.61694],[100.89734,30.600895],[100.876301,30.580232],[100.859995,30.573035],[100.853712,30.565745],[100.855024,30.549208],[100.864319,30.544585],[100.859419,30.531903],[100.86831,30.514403],[100.832341,30.53203],[100.802493,30.526224],[100.800399,30.523428],[100.806364,30.520548],[100.808747,30.509611],[100.804085,30.492872],[100.786927,30.483325],[100.778721,30.462503],[100.769987,30.453843],[100.781837,30.434338],[100.781309,30.41289],[100.769448,30.402426],[100.762304,30.385701],[100.74667,30.396249],[100.722058,30.389937],[100.711242,30.3915],[100.685177,30.426366],[100.632793,30.415233],[100.625268,30.414883],[100.616022,30.421013],[100.608516,30.432794],[100.606535,30.423642],[100.591911,30.419088],[100.58321,30.423997],[100.574721,30.439455],[100.54127,30.440849],[100.517444,30.436156],[100.499633,30.448109],[100.483009,30.450505],[100.464382,30.443964],[100.453877,30.464018],[100.440957,30.469242],[100.426301,30.48883],[100.420586,30.513376],[100.415268,30.516599],[100.35939,30.517755],[100.333412,30.528653],[100.305404,30.527418],[100.2953,30.533481],[100.264312,30.539773],[100.241443,30.533083],[100.219289,30.515135],[100.199182,30.51923],[100.189387,30.511712],[100.173203,30.523075],[100.174573,30.534591],[100.162771,30.538421],[100.154485,30.563116],[100.155789,30.57552],[100.161717,30.578698],[100.165912,30.590962],[100.16022,30.595322],[100.117743,30.598714],[100.113205,30.604948],[100.113797,30.627866],[100.108102,30.642215],[100.091043,30.662858],[100.057452,30.667288],[100.049936,30.675584],[100.033201,30.669307],[100.02482,30.660036],[100.011998,30.662537],[100.002584,30.653805],[100.010031,30.637005],[100.00476,30.620271],[99.990389,30.620147],[99.964469,30.635307],[99.946473,30.635014],[99.941157,30.640861],[99.916581,30.649587],[99.899262,30.640472],[99.873477,30.615805],[99.864869,30.615951],[99.856384,30.621195],[99.843992,30.621898],[99.830144,30.633277],[99.817321,30.635199],[99.813862,30.643848],[99.81818,30.651701],[99.810034,30.654487],[99.801796,30.65049],[99.79199,30.656465],[99.780079,30.690319],[99.762461,30.704286],[99.74873,30.701312],[99.734646,30.723054],[99.742183,30.729732],[99.748291,30.744216],[99.744191,30.751531],[99.734805,30.755621],[99.739385,30.764086],[99.740163,30.780695],[99.749035,30.795949],[99.747876,30.816072],[99.732842,30.826898],[99.731477,30.834837],[99.740814,30.847231],[99.743771,30.865174],[99.768657,30.8839],[99.756854,30.936528],[99.756967,30.952096],[99.764939,30.973111],[99.835904,30.992659],[99.85182,31.003442],[99.852352,31.01135],[99.861163,31.021676],[99.94365,31.041576],[99.949091,31.048455],[99.909523,31.071516],[99.893952,31.10704],[99.88385,31.117822],[99.882514,31.133652],[99.886978,31.142483],[99.883391,31.18562],[99.871936,31.19776],[99.878356,31.216989],[99.87962,31.234666],[99.875739,31.246487],[99.850564,31.245886],[99.83034,31.239324],[99.77928,31.255788],[99.758211,31.247826],[99.743188,31.248723],[99.740125,31.274282],[99.72707,31.271936],[99.723723,31.298611],[99.724627,31.30947],[99.734611,31.327292],[99.725215,31.349874],[99.741018,31.366168],[99.735825,31.377581],[99.720379,31.386388],[99.717582,31.396033],[99.670563,31.395578],[99.662595,31.418894],[99.653416,31.423179],[99.635269,31.426861],[99.594217,31.422043],[99.576761,31.425219],[99.572607,31.435512],[99.585247,31.45987],[99.583053,31.477708],[99.56906,31.477689],[99.548582,31.496081],[99.530294,31.496139],[99.52583,31.515706],[99.480369,31.53053],[99.480948,31.550014],[99.469634,31.571443],[99.461944,31.574936],[99.452801,31.568673],[99.445431,31.569881],[99.428802,31.594019],[99.412983,31.592878],[99.402712,31.605061],[99.393122,31.601448],[99.381318,31.605615],[99.386133,31.619401],[99.380108,31.631027],[99.39781,31.63454],[99.39989,31.674737],[99.407731,31.680644],[99.450466,31.658941],[99.472841,31.666435],[99.470815,31.648732],[99.475514,31.645681],[99.484968,31.648894],[99.492042,31.643516],[99.493265,31.63419],[99.52703,31.634847],[99.54419,31.642254],[99.546303,31.648038]]]]},"properties":{"name":"新龙县","gb":"156513329","valid_cells":9253,"valid_area_km2":9253.0,"level_1_cells":4,"level_2_cells":60,"level_3_cells":9189,"level_1_area_km2":4.0,"level_2_area_km2":60.0,"level_3_area_km2":9189.0,"level_1_share":0.0004322922295471739,"level_2_share":0.0064843834432076084,"level_3_share":0.9930833243272452,"tdpi_high_cells":4,"tdpi_high_area_km2":4.0,"tdpi_high_share":0.0004322922295471739,"priority_index":0.014265643575056738,"ranking_area_threshold_km2":100.0,"ranking_eligible":1,"rank":29}},{"type":"Feature","geometry":{"type":"MultiPolygon","coordinates":[[[[100.415582,31.848348],[100.43434,31.782647],[100.444084,31.769455],[100.457705,31.760756],[100.475284,31.733734],[100.474538,31.719926],[100.470148,31.714198],[100.472757,31.70566],[100.491568,31.681885],[100.506096,31.67766],[100.515782,31.684745],[100.512199,31.703125],[100.566028,31.699195],[100.568758,31.704364],[100.575498,31.741022],[100.571059,31.750811],[100.557871,31.759567],[100.559034,31.776928],[100.561509,31.783623],[100.578138,31.786862],[100.594984,31.799258],[100.590753,31.812557],[100.575286,31.830529],[100.568576,31.849883],[100.57224,31.851599],[100.58923,31.84542],[100.617732,31.820793],[100.638772,31.797761],[100.638498,31.790448],[100.644959,31.790218],[100.650794,31.80197],[100.660703,31.80123],[100.672323,31.78492],[100.690387,31.775862],[100.70999,31.77492],[100.722715,31.753929],[100.739436,31.751014],[100.749407,31.754623],[100.776056,31.734787],[100.78426,31.752456],[100.810963,31.774046],[100.86022,31.787288],[100.860913,31.781737],[100.850506,31.766416],[100.855037,31.751355],[100.863251,31.743167],[100.893953,31.738793],[100.93473,31.752006],[100.94826,31.734858],[100.950467,31.725164],[100.965039,31.718174],[100.962314,31.700331],[100.967301,31.683969],[101.020374,31.655875],[101.021123,31.640893],[101.032572,31.635368],[101.046488,31.637028],[101.059266,31.63328],[101.061787,31.627239],[101.048995,31.605983],[101.05321,31.592973],[101.061598,31.592047],[101.073924,31.578468],[101.058936,31.569753],[101.055065,31.548783],[101.068722,31.534055],[101.06628,31.517145],[101.069158,31.514708],[101.062007,31.507097],[101.055063,31.480961],[101.040066,31.480534],[101.032947,31.485357],[101.030419,31.482242],[101.036534,31.439175],[101.04804,31.413695],[101.064566,31.40156],[101.063641,31.396793],[101.049829,31.380074],[101.042343,31.389114],[101.033025,31.39146],[101.006435,31.378146],[100.996442,31.335124],[101.007181,31.297938],[100.970131,31.285119],[100.960121,31.228492],[100.929628,31.210209],[100.918693,31.194384],[100.893941,31.19839],[100.883449,31.189532],[100.881716,31.180054],[100.89302,31.167323],[100.89254,31.162314],[100.879083,31.151733],[100.874659,31.135733],[100.865349,31.131152],[100.854076,31.13649],[100.849425,31.128253],[100.849562,31.112219],[100.857724,31.09767],[100.860549,31.070238],[100.871188,31.059753],[100.865431,31.045717],[100.851508,31.036818],[100.849614,31.027787],[100.810134,31.011237],[100.777029,31.014287],[100.762526,31.038403],[100.747573,31.042675],[100.734388,31.065194],[100.721964,31.077419],[100.694789,31.085557],[100.689387,31.096385],[100.692296,31.103103],[100.679177,31.10334],[100.67724,31.109224],[100.684221,31.117172],[100.671692,31.121481],[100.655406,31.119706],[100.63718,31.14001],[100.608869,31.135362],[100.601476,31.169275],[100.570791,31.168302],[100.554258,31.172509],[100.54968,31.180607],[100.546358,31.21095],[100.536035,31.222047],[100.502364,31.235128],[100.504322,31.25428],[100.493095,31.262976],[100.493709,31.287638],[100.48478,31.302216],[100.472521,31.303265],[100.459063,31.29781],[100.452413,31.344108],[100.468496,31.371571],[100.453472,31.37969],[100.42472,31.381205],[100.410366,31.386346],[100.407128,31.389085],[100.415811,31.40939],[100.387726,31.420894],[100.363106,31.421027],[100.353374,31.441798],[100.319917,31.471924],[100.307837,31.478718],[100.275827,31.480851],[100.274895,31.512226],[100.284727,31.521978],[100.275244,31.527239],[100.261679,31.574122],[100.261906,31.592415],[100.243837,31.607383],[100.233969,31.64364],[100.218304,31.648802],[100.189143,31.639352],[100.172883,31.659452],[100.171952,31.666082],[100.159265,31.6774],[100.107996,31.674267],[100.099807,31.682507],[100.115139,31.690434],[100.171136,31.700928],[100.190156,31.71551],[100.214925,31.7164],[100.223139,31.707027],[100.234773,31.712348],[100.235526,31.740142],[100.258912,31.764782],[100.269323,31.76631],[100.272593,31.795379],[100.289428,31.82861],[100.300458,31.818926],[100.308065,31.818204],[100.315369,31.839472],[100.342778,31.854101],[100.373424,31.853896],[100.381694,31.843214],[100.394266,31.839244],[100.415582,31.848348]]]]},"properties":{"name":"炉霍县","gb":"156513327","valid_cells":4468,"valid_area_km2":4468.0,"level_1_cells":9,"level_2_cells":17,"level_3_cells":4442,"level_1_area_km2":9.0,"level_2_area_km2":17.0,"level_3_area_km2":4442.0,"level_1_share":0.0020143240823634737,"level_2_share":0.0038048343777976725,"level_3_share":0.9941808415398389,"tdpi_high_cells":9,"tdpi_high_area_km2":9.0,"tdpi_high_share":0.0020143240823634737,"priority_index":0.013652641002685767,"ranking_area_threshold_km2":100.0,"ranking_eligible":1,"rank":30}},{"type":"Feature","geometry":{"type":"MultiPolygon","coordinates":[[[[99.380108,31.631027],[99.386133,31.619401],[99.381318,31.605615],[99.393122,31.601448],[99.402712,31.605061],[99.412983,31.592878],[99.428802,31.594019],[99.445431,31.569881],[99.452801,31.568673],[99.461944,31.574936],[99.469634,31.571443],[99.480948,31.550014],[99.480369,31.53053],[99.52583,31.515706],[99.530294,31.496139],[99.548582,31.496081],[99.56906,31.477689],[99.583053,31.477708],[99.585247,31.45987],[99.572607,31.435512],[99.576761,31.425219],[99.594217,31.422043],[99.635269,31.426861],[99.653416,31.423179],[99.662595,31.418894],[99.670563,31.395578],[99.717582,31.396033],[99.720379,31.386388],[99.735825,31.377581],[99.741018,31.366168],[99.725215,31.349874],[99.734611,31.327292],[99.724627,31.30947],[99.723723,31.298611],[99.72707,31.271936],[99.740125,31.274282],[99.743188,31.248723],[99.758211,31.247826],[99.77928,31.255788],[99.83034,31.239324],[99.850564,31.245886],[99.875739,31.246487],[99.87962,31.234666],[99.878356,31.216989],[99.871936,31.19776],[99.883391,31.18562],[99.886978,31.142483],[99.882514,31.133652],[99.88385,31.117822],[99.893952,31.10704],[99.909523,31.071516],[99.949091,31.048455],[99.94365,31.041576],[99.861163,31.021676],[99.852352,31.01135],[99.85182,31.003442],[99.835904,30.992659],[99.764939,30.973111],[99.756967,30.952096],[99.756854,30.936528],[99.768657,30.8839],[99.743771,30.865174],[99.740814,30.847231],[99.731477,30.834837],[99.732842,30.826898],[99.747876,30.816072],[99.749035,30.795949],[99.740163,30.780695],[99.739385,30.764086],[99.734805,30.755621],[99.744191,30.751531],[99.748291,30.744216],[99.742183,30.729732],[99.734646,30.723054],[99.74873,30.701312],[99.751529,30.676129],[99.739555,30.670097],[99.741047,30.625344],[99.733048,30.605713],[99.721216,30.606054],[99.71375,30.598677],[99.678488,30.611457],[99.645455,30.590313],[99.631759,30.586683],[99.633787,30.573324],[99.64775,30.563144],[99.641182,30.548621],[99.627311,30.542845],[99.585798,30.549556],[99.570471,30.542662],[99.545595,30.566047],[99.53529,30.565777],[99.520536,30.577033],[99.493988,30.578001],[99.500137,30.585529],[99.513037,30.589886],[99.512126,30.600366],[99.475443,30.610704],[99.473535,30.616022],[99.478091,30.625778],[99.471605,30.631162],[99.455089,30.62958],[99.422646,30.620318],[99.400167,30.592172],[99.382184,30.587703],[99.375399,30.568935],[99.379303,30.545675],[99.377132,30.53884],[99.366842,30.536904],[99.369776,30.526266],[99.364711,30.508328],[99.368357,30.499418],[99.377383,30.492745],[99.376586,30.48453],[99.312587,30.489995],[99.291439,30.497954],[99.289198,30.512617],[99.280467,30.523868],[99.267063,30.522078],[99.267179,30.512908],[99.253189,30.500025],[99.237096,30.500308],[99.227321,30.512784],[99.21621,30.510963],[99.204446,30.529634],[99.196386,30.532947],[99.181508,30.529294],[99.183582,30.513258],[99.189809,30.508262],[99.170895,30.497211],[99.153808,30.501729],[99.147748,30.481436],[99.133174,30.475551],[99.127604,30.462184],[99.115913,30.468428],[99.103573,30.460745],[99.112018,30.424431],[99.118833,30.420127],[99.114465,30.402559],[99.098185,30.39589],[99.094001,30.388532],[99.071174,30.376361],[99.065555,30.385262],[99.027227,30.388923],[98.999169,30.386169],[98.966168,30.372907],[98.974541,30.390406],[98.959152,30.423094],[98.96331,30.453032],[98.948509,30.472893],[98.929375,30.5221],[98.933182,30.546547],[98.924797,30.571367],[98.938698,30.59684],[98.920662,30.614674],[98.921394,30.646481],[98.903473,30.691549],[98.906258,30.700443],[98.93029,30.709322],[98.94191,30.722919],[98.959808,30.729803],[98.961632,30.762741],[98.952026,30.777273],[98.900391,30.790003],[98.888321,30.800896],[98.874359,30.82806],[98.860359,30.834396],[98.852356,30.851419],[98.788208,30.886442],[98.780869,30.894758],[98.774521,30.91748],[98.800095,30.958866],[98.804123,31.000702],[98.775497,31.030983],[98.761544,31.035714],[98.738129,31.046244],[98.732681,31.057739],[98.733879,31.067797],[98.720627,31.073652],[98.710197,31.091835],[98.707626,31.120464],[98.683304,31.137409],[98.67234,31.156507],[98.647408,31.168415],[98.635841,31.182713],[98.614212,31.181082],[98.602829,31.189425],[98.603706,31.196053],[98.618233,31.205528],[98.622093,31.216019],[98.61927,31.225885],[98.607056,31.23126],[98.602341,31.238855],[98.604866,31.272924],[98.625839,31.330166],[98.634514,31.340151],[98.667435,31.344645],[98.688202,31.338266],[98.70697,31.322065],[98.743965,31.269524],[98.78009,31.254967],[98.804512,31.283768],[98.80751,31.307762],[98.81356,31.320055],[98.881332,31.369423],[98.883362,31.380383],[98.863501,31.404611],[98.873709,31.415494],[98.902176,31.422109],[98.928603,31.442083],[98.978986,31.470096],[98.973824,31.437109],[98.979353,31.428397],[98.992902,31.421751],[99.002641,31.422396],[99.024333,31.437272],[99.0452,31.431535],[99.09457,31.442387],[99.096071,31.445698],[99.071463,31.464876],[99.068671,31.484713],[99.051253,31.502083],[99.055059,31.509867],[99.098668,31.538914],[99.069875,31.58682],[99.053161,31.589666],[99.034285,31.600107],[99.031123,31.611424],[99.05431,31.640781],[99.062774,31.630234],[99.080838,31.626549],[99.086154,31.635923],[99.125218,31.630429],[99.137073,31.624321],[99.144962,31.605439],[99.161255,31.596128],[99.19773,31.596167],[99.208592,31.606091],[99.214099,31.625039],[99.22308,31.635048],[99.258778,31.638134],[99.277266,31.647441],[99.304112,31.643156],[99.355304,31.617339],[99.37014,31.621311],[99.380108,31.631027]]]]},"properties":{"name":"白玉县","gb":"156513331","valid_cells":10253,"valid_area_km2":10253.0,"level_1_cells":18,"level_2_cells":21,"level_3_cells":10214,"level_1_area_km2":18.0,"level_2_area_km2":21.0,"level_3_area_km2":10214.0,"level_1_share":0.001755583731590754,"level_2_share":0.0020481810201892128,"level_3_share":0.99619623524822,"tdpi_high_cells":20,"tdpi_high_area_km2":20.0,"tdpi_high_share":0.0019506485906563933,"priority_index":0.009363113235150686,"ranking_area_threshold_km2":100.0,"ranking_eligible":1,"rank":31}},{"type":"Feature","geometry":{"type":"MultiPolygon","coordinates":[[[[101.104522,29.136952],[101.118274,29.123921],[101.120839,29.101144],[101.115036,29.085917],[101.116934,29.076018],[101.139165,29.057463],[101.1399,29.039681],[101.15476,29.02652],[101.154907,29.012931],[101.142556,29.000328],[101.153135,28.978813],[101.15419,28.963259],[101.160872,28.949036],[101.180293,28.948019],[101.18474,28.941595],[101.178507,28.909939],[101.182576,28.900553],[101.192527,28.897849],[101.170125,28.839916],[101.174479,28.830882],[101.171892,28.79219],[101.188858,28.7657],[101.206847,28.757153],[101.199049,28.744685],[101.198271,28.731739],[101.209951,28.694762],[101.20332,28.686313],[101.203756,28.671609],[101.196648,28.65652],[101.209205,28.656931],[101.228761,28.670734],[101.246557,28.666175],[101.276969,28.668357],[101.301189,28.677156],[101.334892,28.663063],[101.348142,28.672918],[101.358671,28.666833],[101.360259,28.658152],[101.367203,28.65251],[101.369814,28.645324],[101.365846,28.631888],[101.391476,28.634929],[101.400966,28.642248],[101.427615,28.647886],[101.438426,28.640618],[101.435328,28.632664],[101.444508,28.622562],[101.453068,28.624215],[101.456951,28.630071],[101.478087,28.632087],[101.505428,28.605262],[101.508679,28.589155],[101.533055,28.589939],[101.538463,28.599175],[101.544301,28.600795],[101.556915,28.584919],[101.572397,28.582071],[101.585862,28.567566],[101.590052,28.553269],[101.618708,28.540965],[101.620615,28.520413],[101.616132,28.513171],[101.625567,28.492726],[101.589908,28.477189],[101.563119,28.477943],[101.520188,28.496261],[101.463133,28.509456],[101.430336,28.510716],[101.410755,28.521696],[101.400197,28.512223],[101.394293,28.493218],[101.369217,28.47479],[101.368244,28.470255],[101.372981,28.466294],[101.424328,28.493786],[101.43103,28.486587],[101.442983,28.456762],[101.441615,28.442094],[101.448233,28.429349],[101.447937,28.4195],[101.463352,28.414619],[101.466639,28.409235],[101.474242,28.369084],[101.467956,28.356323],[101.475329,28.343338],[101.476819,28.323446],[101.483516,28.318969],[101.495457,28.32122],[101.504185,28.317378],[101.530294,28.322384],[101.54446,28.331596],[101.568326,28.33895],[101.588263,28.352116],[101.600053,28.367199],[101.620674,28.376253],[101.629941,28.357115],[101.669869,28.356138],[101.649036,28.340995],[101.645584,28.323491],[101.648967,28.306895],[101.643341,28.277231],[101.647739,28.256062],[101.642655,28.242958],[101.638768,28.198396],[101.618374,28.161192],[101.585396,28.138689],[101.582919,28.132374],[101.562532,28.131936],[101.559976,28.124728],[101.55064,28.121285],[101.536085,28.097259],[101.521113,28.087314],[101.521218,28.068265],[101.511853,28.058313],[101.485051,28.051915],[101.483675,28.040963],[101.495872,28.007671],[101.506156,27.998981],[101.500322,27.98336],[101.479941,27.972445],[101.465005,27.95669],[101.427641,27.950713],[101.435423,27.92232],[101.412917,27.915585],[101.405528,27.921308],[101.392468,27.908992],[101.378934,27.909977],[101.379416,27.894055],[101.385051,27.885609],[101.389017,27.890976],[101.400057,27.889273],[101.420939,27.876613],[101.427761,27.859768],[101.426509,27.814373],[101.444209,27.799711],[101.435066,27.781063],[101.420526,27.773668],[101.414239,27.761274],[101.390926,27.759122],[101.387718,27.755174],[101.381607,27.757166],[101.376858,27.769763],[101.354983,27.788465],[101.336606,27.772603],[101.329837,27.760525],[101.332197,27.744917],[101.328561,27.73889],[101.312579,27.732958],[101.289498,27.712825],[101.252068,27.71793],[101.238275,27.692052],[101.219504,27.686309],[101.201408,27.673904],[101.189396,27.687562],[101.189266,27.701889],[101.170899,27.716535],[101.170502,27.72755],[101.176037,27.729697],[101.174675,27.743464],[101.148083,27.747137],[101.128676,27.770498],[101.115949,27.769768],[101.096613,27.778795],[101.07875,27.776627],[101.01815,27.827198],[100.999782,27.835284],[100.981793,27.835286],[100.955831,27.854351],[100.947542,27.865508],[100.917201,27.869254],[100.906078,27.877384],[100.906344,27.888969],[100.887142,27.901726],[100.875631,27.902453],[100.868194,27.897604],[100.854825,27.911321],[100.861505,27.924284],[100.856928,27.934791],[100.840078,27.930066],[100.829634,27.939642],[100.821419,27.939368],[100.810773,27.919717],[100.808101,27.897996],[100.801727,27.891701],[100.767596,27.888982],[100.761173,27.893088],[100.763732,27.90283],[100.742574,27.911924],[100.740968,27.877158],[100.720662,27.862767],[100.702568,27.873028],[100.702553,27.887947],[100.695579,27.904568],[100.677559,27.926382],[100.665382,27.92539],[100.646843,27.91507],[100.638336,27.917475],[100.622894,27.906193],[100.608223,27.87814],[100.613007,27.869816],[100.608215,27.860695],[100.567741,27.835943],[100.547775,27.815065],[100.535812,27.828066],[100.515381,27.827393],[100.506401,27.832319],[100.500458,27.850525],[100.489876,27.852028],[100.483536,27.860825],[100.448006,27.872025],[100.431427,27.871117],[100.426979,27.852821],[100.410217,27.838123],[100.405167,27.810453],[100.380737,27.78301],[100.377625,27.759424],[100.373742,27.759745],[100.352592,27.760633],[100.343987,27.754545],[100.33905,27.733521],[100.325462,27.721991],[100.312897,27.728319],[100.316635,27.736416],[100.309769,27.745213],[100.303101,27.788672],[100.288208,27.816834],[100.305504,27.834558],[100.307724,27.865986],[100.296951,27.873215],[100.282425,27.870152],[100.236443,27.875208],[100.219994,27.883865],[100.209633,27.88282],[100.194008,27.895597],[100.17572,27.902201],[100.171921,27.909582],[100.190819,27.931896],[100.1866,27.955967],[100.122467,28.019287],[100.080116,28.041925],[100.063619,28.086941],[100.07103,28.08828],[100.072191,28.080809],[100.097308,28.051628],[100.143159,28.024863],[100.156584,28.011448],[100.168989,28.008057],[100.176174,27.995479],[100.197923,27.988659],[100.225201,27.991463],[100.228759,27.978148],[100.236161,27.971381],[100.256275,27.966517],[100.268508,27.969096],[100.279014,27.978228],[100.288048,27.990755],[100.28955,28.004467],[100.299341,28.012871],[100.324655,28.015075],[100.338888,28.02362],[100.360347,28.014265],[100.3754,28.019083],[100.395294,28.007536],[100.408916,28.00794],[100.420208,28.016651],[100.421548,28.022584],[100.413651,28.034099],[100.41105,28.059007],[100.398982,28.067752],[100.39373,28.113735],[100.383339,28.121223],[100.373977,28.183158],[100.379319,28.190304],[100.366348,28.206498],[100.364359,28.232516],[100.372188,28.256555],[100.397788,28.277477],[100.400405,28.285935],[100.412687,28.297172],[100.411125,28.31506],[100.403828,28.3219],[100.395204,28.32106],[100.385239,28.336094],[100.393927,28.348051],[100.395841,28.363007],[100.409653,28.371558],[100.418295,28.383323],[100.425141,28.427218],[100.42202,28.434634],[100.413199,28.439599],[100.417973,28.448488],[100.426881,28.445447],[100.43588,28.451195],[100.440154,28.456647],[100.438258,28.469127],[100.465822,28.487083],[100.468048,28.496657],[100.494218,28.500793],[100.507188,28.534738],[100.504028,28.555861],[100.529207,28.582523],[100.520235,28.596043],[100.515613,28.619912],[100.524298,28.645583],[100.520193,28.670591],[100.49,28.698054],[100.465533,28.70084],[100.461812,28.709327],[100.501105,28.720231],[100.501454,28.713422],[100.508035,28.711648],[100.520299,28.727484],[100.536709,28.740287],[100.552925,28.745059],[100.560574,28.753351],[100.575783,28.748121],[100.59337,28.749279],[100.5939,28.759253],[100.577291,28.804649],[100.58358,28.81595],[100.589473,28.81359],[100.58988,28.821009],[100.562244,28.834146],[100.553927,28.864344],[100.539639,28.884586],[100.537346,28.898111],[100.542022,28.918291],[100.516882,28.944551],[100.519805,28.953454],[100.543565,28.959138],[100.565668,28.946777],[100.592542,28.960179],[100.613474,28.960215],[100.625132,28.978026],[100.623204,28.984508],[100.627788,28.991386],[100.659091,29.005618],[100.652028,29.021578],[100.656727,29.022939],[100.678773,29.018099],[100.687346,29.003839],[100.698467,28.999722],[100.718588,29.011553],[100.730893,29.012419],[100.743011,29.007525],[100.751632,29.015745],[100.77123,29.008343],[100.776937,29.013715],[100.793249,28.999747],[100.796591,28.991961],[100.814039,28.992051],[100.821497,28.997124],[100.823138,29.006904],[100.833069,29.018511],[100.845929,29.025435],[100.843392,29.037058],[100.832055,29.06077],[100.815135,29.05996],[100.80352,29.064245],[100.789658,29.057355],[100.781295,29.058983],[100.769564,29.070104],[100.77135,29.092161],[100.790789,29.108073],[100.808858,29.112936],[100.829614,29.111694],[100.844532,29.117126],[100.875698,29.149445],[100.894889,29.151745],[100.911215,29.135356],[100.923212,29.133114],[100.928803,29.116634],[100.918745,29.102186],[100.930798,29.094947],[100.938088,29.084691],[100.936607,29.077705],[100.922661,29.062922],[100.929494,29.058188],[100.974144,29.080535],[101.005145,29.128071],[101.014961,29.13768],[101.034656,29.139255],[101.052001,29.150698],[101.0598,29.172025],[101.090662,29.155089],[101.104522,29.136952]]]]},"properties":{"name":"木里藏族自治县","gb":"156513422","valid_cells":50,"valid_area_km2":50.0,"level_1_cells":0,"level_2_cells":0,"level_3_cells":50,"level_1_area_km2":0.0,"level_2_area_km2":0.0,"level_3_area_km2":50.0,"level_1_share":0.0,"level_2_share":0.0,"level_3_share":1.0,"tdpi_high_cells":0,"tdpi_high_area_km2":0.0,"tdpi_high_share":0.0,"priority_index":0.0,"ranking_area_threshold_km2":100.0,"ranking_eligible":0,"rank":null}},{"type":"Feature","geometry":{"type":"MultiPolygon","coordinates":[[[[104.272249,32.892786],[104.274383,32.883186],[104.285484,32.869099],[104.289673,32.843933],[104.297172,32.833244],[104.35363,32.821701],[104.389664,32.791592],[104.415886,32.782227],[104.428863,32.766773],[104.453003,32.749821],[104.459274,32.747818],[104.497185,32.757114],[104.511391,32.750828],[104.521156,32.730289],[104.530998,32.724876],[104.55101,32.731934],[104.567856,32.731163],[104.57856,32.722092],[104.588592,32.700176],[104.631032,32.666831],[104.615648,32.635887],[104.61242,32.605917],[104.634968,32.596725],[104.650388,32.579247],[104.654695,32.559645],[104.666924,32.557303],[104.690571,32.561225],[104.706265,32.5568],[104.750498,32.531653],[104.747395,32.507163],[104.755966,32.49709],[104.748617,32.486536],[104.748613,32.470175],[104.758769,32.449239],[104.754195,32.442981],[104.756197,32.434266],[104.771135,32.421212],[104.77003,32.399825],[104.80492,32.373881],[104.818213,32.374825],[104.82287,32.364022],[104.837861,32.353479],[104.857741,32.361492],[104.882425,32.358488],[104.908291,32.328183],[104.937174,32.336759],[104.972358,32.336263],[104.978854,32.327789],[104.964047,32.325558],[104.957909,32.307797],[104.963501,32.296153],[104.973751,32.295821],[104.996628,32.27346],[104.992642,32.24937],[104.965119,32.248398],[104.952665,32.243832],[104.952319,32.232898],[104.943586,32.232097],[104.930521,32.220453],[104.924413,32.190557],[104.930834,32.177782],[104.93625,32.177015],[104.933934,32.163138],[104.917642,32.156769],[104.899433,32.138669],[104.879406,32.104335],[104.892125,32.067559],[104.880006,32.050484],[104.847177,32.046227],[104.838041,32.02504],[104.821382,32.005333],[104.814059,32.004747],[104.80853,32.009896],[104.795189,31.997777],[104.786963,31.997933],[104.784142,32.011515],[104.789685,32.018838],[104.784393,32.02338],[104.769068,32.019942],[104.74131,31.999797],[104.721476,31.993626],[104.710193,32.004826],[104.71149,32.012085],[104.704894,32.018717],[104.672573,32.005854],[104.661366,32.016591],[104.643629,32.020566],[104.638129,32.026465],[104.638601,32.049588],[104.605619,32.050746],[104.555505,32.0619],[104.506179,32.090757],[104.501645,32.085931],[104.498143,32.087405],[104.463895,32.113379],[104.457836,32.106308],[104.460786,32.089605],[104.444518,32.084331],[104.427976,32.056811],[104.411373,32.055151],[104.394103,32.07163],[104.379364,32.077822],[104.376256,32.092171],[104.320563,32.112464],[104.296259,32.146757],[104.265731,32.145473],[104.24133,32.163577],[104.244785,32.192204],[104.253809,32.205086],[104.254795,32.217799],[104.242555,32.255231],[104.210676,32.279636],[104.206538,32.290308],[104.211378,32.299562],[104.184077,32.307456],[104.184226,32.311859],[104.176752,32.312297],[104.168742,32.302632],[104.172073,32.290375],[104.158794,32.263284],[104.159255,32.250071],[104.137857,32.241194],[104.126921,32.227102],[104.099661,32.234704],[104.084615,32.234239],[104.069881,32.24136],[104.0645,32.251707],[104.036189,32.24995],[104.024593,32.253355],[104.018606,32.271045],[104.005072,32.275891],[103.998826,32.292078],[103.979241,32.308517],[103.959904,32.307874],[103.922548,32.31973],[103.90897,32.33622],[103.892776,32.344729],[103.900813,32.34898],[103.889273,32.367272],[103.888759,32.379825],[103.900434,32.397843],[103.903884,32.423691],[103.913735,32.433347],[103.906214,32.456686],[103.905671,32.485033],[103.901273,32.496699],[103.90555,32.511174],[103.886799,32.526276],[103.87076,32.557245],[103.863202,32.558842],[103.851782,32.569632],[103.843187,32.587489],[103.850459,32.61605],[103.884177,32.631869],[103.88574,32.641703],[103.908599,32.644663],[103.919566,32.637938],[103.954981,32.641237],[103.989605,32.650294],[104.011923,32.642501],[104.032432,32.653404],[104.064451,32.632602],[104.068773,32.623685],[104.066564,32.603903],[104.081064,32.571211],[104.133223,32.52654],[104.129675,32.49395],[104.116576,32.487395],[104.115461,32.480622],[104.094358,32.470733],[104.126221,32.471248],[104.141998,32.476687],[104.145298,32.481716],[104.142269,32.486916],[104.16011,32.524928],[104.172677,32.533142],[104.165631,32.582465],[104.17548,32.606459],[104.178348,32.670936],[104.173042,32.685861],[104.160355,32.69295],[104.151545,32.713246],[104.130034,32.73276],[104.133714,32.746668],[104.146313,32.759372],[104.145693,32.765231],[104.119134,32.800651],[104.103856,32.805005],[104.102472,32.846719],[104.074722,32.858694],[104.064228,32.844074],[104.053096,32.840056],[104.047183,32.843978],[104.032245,32.835066],[104.029013,32.821932],[103.995996,32.816728],[103.988596,32.826525],[103.968301,32.840059],[103.97663,32.853151],[103.993274,32.860688],[103.989603,32.876246],[103.992623,32.880623],[103.973206,32.888836],[103.963721,32.886629],[103.957253,32.892904],[103.952868,32.909129],[103.965142,32.925071],[103.95821,32.942504],[103.967105,32.950782],[103.961372,32.959169],[103.968596,32.979636],[103.97675,32.987041],[103.976145,32.999635],[103.970375,33.007717],[103.979816,33.010433],[103.97767,33.026667],[103.986032,33.037897],[104.002053,33.044751],[104.011885,33.044195],[104.061903,33.009704],[104.086799,33.000445],[104.095124,33.000707],[104.0978,33.006185],[104.108706,33.003011],[104.11257,32.990888],[104.144122,32.972707],[104.190146,32.919392],[104.201308,32.921526],[104.207636,32.918429],[104.21467,32.910746],[104.216157,32.898701],[104.235462,32.892593],[104.23853,32.883643],[104.245897,32.87964],[104.272249,32.892786]]]]},"properties":{"name":"平武县","gb":"156510727","valid_cells":31,"valid_area_km2":31.0,"level_1_cells":0,"level_2_cells":0,"level_3_cells":31,"level_1_area_km2":0.0,"level_2_area_km2":0.0,"level_3_area_km2":31.0,"level_1_share":0.0,"level_2_share":0.0,"level_3_share":1.0,"tdpi_high_cells":0,"tdpi_high_area_km2":0.0,"tdpi_high_share":0.0,"priority_index":0.0,"ranking_area_threshold_km2":100.0,"ranking_eligible":0,"rank":null}},{"type":"Feature","geometry":{"type":"MultiPolygon","coordinates":[[[[102.892535,30.904733],[102.89249,30.888688],[102.87434,30.825118],[102.862261,30.808635],[102.867577,30.789803],[102.872703,30.788041],[102.882998,30.768802],[102.908299,30.766865],[102.914062,30.760284],[102.90984,30.740641],[102.912055,30.733899],[102.931608,30.724496],[102.927833,30.708518],[102.917818,30.696172],[102.922594,30.686079],[102.919721,30.668306],[102.957362,30.667918],[102.974225,30.649633],[103.009186,30.639024],[103.027567,30.623418],[103.028416,30.615442],[103.02356,30.611031],[103.024642,30.601321],[103.007375,30.591075],[102.972809,30.549934],[102.96763,30.524725],[102.970439,30.516962],[102.958414,30.504793],[102.952968,30.49488],[102.954502,30.486974],[102.939153,30.467109],[102.95501,30.441216],[102.950933,30.436187],[102.915177,30.429528],[102.892193,30.405617],[102.891384,30.390428],[102.921449,30.370861],[102.934589,30.352113],[102.92015,30.326838],[102.903986,30.317243],[102.889235,30.301325],[102.876132,30.301665],[102.877133,30.287014],[102.866382,30.274548],[102.869596,30.250633],[102.872792,30.243087],[102.883514,30.246002],[102.887758,30.23508],[102.865201,30.231614],[102.858254,30.224787],[102.856952,30.21056],[102.853023,30.20696],[102.83925,30.210211],[102.825449,30.205315],[102.815019,30.19667],[102.802052,30.163222],[102.784921,30.153644],[102.772772,30.185031],[102.765612,30.189219],[102.738729,30.186528],[102.721772,30.194405],[102.726474,30.208248],[102.715235,30.22447],[102.725598,30.244229],[102.705262,30.256643],[102.687681,30.253619],[102.680527,30.256369],[102.669376,30.273498],[102.666589,30.299166],[102.650748,30.311481],[102.624486,30.307169],[102.605118,30.31634],[102.585863,30.342948],[102.569393,30.353803],[102.549582,30.35599],[102.51192,30.330798],[102.503718,30.329357],[102.482281,30.337011],[102.480723,30.332146],[102.464409,30.32191],[102.447931,30.320617],[102.43699,30.31252],[102.414901,30.314091],[102.419153,30.339343],[102.431506,30.357967],[102.42961,30.37479],[102.417577,30.389098],[102.422733,30.409475],[102.435812,30.422258],[102.416604,30.450122],[102.41897,30.466707],[102.411614,30.496344],[102.416836,30.514294],[102.415731,30.525944],[102.424397,30.54737],[102.435318,30.612223],[102.448786,30.62821],[102.466712,30.635683],[102.471813,30.644472],[102.471042,30.67415],[102.480208,30.677746],[102.484276,30.68688],[102.482702,30.703413],[102.492427,30.714907],[102.484006,30.730204],[102.482072,30.747796],[102.468329,30.768184],[102.494288,30.794609],[102.508024,30.798365],[102.525373,30.796269],[102.533531,30.804635],[102.530069,30.81418],[102.548742,30.821715],[102.557978,30.819211],[102.563232,30.822542],[102.581739,30.852046],[102.619257,30.847571],[102.630389,30.852986],[102.646709,30.850916],[102.652436,30.856069],[102.665879,30.853454],[102.679935,30.858115],[102.686357,30.864642],[102.684154,30.894398],[102.687145,30.905363],[102.696122,30.913981],[102.710154,30.919067],[102.715191,30.926434],[102.745219,30.911771],[102.757399,30.929777],[102.776135,30.921461],[102.781564,30.927821],[102.807424,30.933871],[102.811995,30.941161],[102.827864,30.929665],[102.841288,30.936921],[102.859665,30.939686],[102.876938,30.916706],[102.892535,30.904733]]]]},"properties":{"name":"宝兴县","gb":"156511827","valid_cells":26,"valid_area_km2":26.0,"level_1_cells":0,"level_2_cells":3,"level_3_cells":23,"level_1_area_km2":0.0,"level_2_area_km2":3.0,"level_3_area_km2":23.0,"level_1_share":0.0,"level_2_share":0.11538461538461539,"level_3_share":0.8846153846153846,"tdpi_high_cells":3,"tdpi_high_area_km2":3.0,"tdpi_high_share":0.11538461538461539,"priority_index":0.23076923076923078,"ranking_area_threshold_km2":100.0,"ranking_eligible":0,"rank":null}},{"type":"Feature","geometry":{"type":"MultiPolygon","coordinates":[[[[102.853023,30.20696],[102.865485,30.20244],[102.863317,30.181688],[102.870488,30.17413],[102.876497,30.156868],[102.865323,30.145076],[102.870381,30.138354],[102.882934,30.13408],[102.892337,30.11719],[102.914922,30.108014],[102.890089,30.086737],[102.882824,30.03979],[102.890604,30.02485],[102.897916,30.025072],[102.905546,30.018911],[102.910685,30.016004],[102.910961,30.001053],[102.904991,29.966977],[102.889221,29.950602],[102.870818,29.943299],[102.880743,29.919834],[102.855795,29.908555],[102.847076,29.909957],[102.813073,29.890044],[102.799013,29.888419],[102.793574,29.874755],[102.773407,29.859562],[102.762305,29.86166],[102.752988,29.874863],[102.712922,29.894782],[102.708719,29.911401],[102.699284,29.917481],[102.692138,29.917821],[102.675143,29.905265],[102.667914,29.920372],[102.655727,29.924002],[102.64523,29.940881],[102.630794,29.942887],[102.613599,29.933652],[102.599055,29.931964],[102.580549,29.945038],[102.562323,29.933144],[102.538635,29.906662],[102.497768,29.897914],[102.498919,29.881592],[102.489672,29.876961],[102.440279,29.860327],[102.435118,29.853214],[102.393967,29.856331],[102.379192,29.833502],[102.361755,29.823074],[102.351777,29.823687],[102.344983,29.832357],[102.320017,29.829043],[102.310737,29.826886],[102.28792,29.842136],[102.290476,29.858458],[102.273145,29.869435],[102.269052,29.879258],[102.270978,29.888504],[102.283491,29.902694],[102.280826,29.908525],[102.28438,29.921594],[102.297372,29.934345],[102.293469,29.944586],[102.301533,29.95548],[102.294162,29.972539],[102.29496,29.993903],[102.275683,30.0051],[102.272226,30.030469],[102.277697,30.045087],[102.266871,30.080461],[102.279956,30.093751],[102.296485,30.10084],[102.287028,30.117796],[102.308721,30.164637],[102.3216,30.170138],[102.322567,30.184837],[102.333041,30.20542],[102.340038,30.207998],[102.349112,30.201975],[102.351187,30.210991],[102.36027,30.213836],[102.361687,30.225214],[102.367712,30.229522],[102.371417,30.231437],[102.38441,30.224185],[102.397568,30.234979],[102.410604,30.275581],[102.405041,30.282802],[102.413819,30.294085],[102.408393,30.309139],[102.414901,30.314091],[102.43699,30.31252],[102.447931,30.320617],[102.464409,30.32191],[102.480723,30.332146],[102.482281,30.337011],[102.503718,30.329357],[102.51192,30.330798],[102.549582,30.35599],[102.569393,30.353803],[102.585863,30.342948],[102.605118,30.31634],[102.624486,30.307169],[102.650748,30.311481],[102.666589,30.299166],[102.669376,30.273498],[102.680527,30.256369],[102.687681,30.253619],[102.705262,30.256643],[102.725598,30.244229],[102.715235,30.22447],[102.726474,30.208248],[102.721772,30.194405],[102.738729,30.186528],[102.765612,30.189219],[102.772772,30.185031],[102.784921,30.153644],[102.802052,30.163222],[102.815019,30.19667],[102.825449,30.205315],[102.83925,30.210211],[102.853023,30.20696]]]]},"properties":{"name":"天全县","gb":"156511825","valid_cells":21,"valid_area_km2":21.0,"level_1_cells":0,"level_2_cells":0,"level_3_cells":21,"level_1_area_km2":0.0,"level_2_area_km2":0.0,"level_3_area_km2":21.0,"level_1_share":0.0,"level_2_share":0.0,"level_3_share":1.0,"tdpi_high_cells":0,"tdpi_high_area_km2":0.0,"tdpi_high_share":0.0,"priority_index":0.0,"ranking_area_threshold_km2":100.0,"ranking_eligible":0,"rank":null}},{"type":"Feature","geometry":{"type":"MultiPolygon","coordinates":[[[[102.311741,29.534682],[102.309846,29.510693],[102.318125,29.502201],[102.31681,29.490858],[102.332851,29.471476],[102.359395,29.462824],[102.367926,29.467536],[102.380805,29.457469],[102.41826,29.447774],[102.475485,29.452082],[102.488136,29.4479],[102.497499,29.430484],[102.526801,29.418384],[102.547133,29.382033],[102.559203,29.371359],[102.559793,29.358789],[102.571006,29.34431],[102.567597,29.337169],[102.557236,29.332991],[102.551646,29.325594],[102.552155,29.30491],[102.534846,29.289014],[102.500271,29.280704],[102.490264,29.263115],[102.497117,29.256918],[102.501786,29.238163],[102.51869,29.223614],[102.515781,29.210439],[102.50371,29.200218],[102.484904,29.151299],[102.496518,29.133556],[102.48338,29.116933],[102.486155,29.10731],[102.495542,29.102908],[102.500268,29.09513],[102.513293,29.097148],[102.523523,29.084881],[102.519921,29.070898],[102.515453,29.068107],[102.523927,29.039769],[102.52053,29.034015],[102.507925,29.032078],[102.50096,29.011471],[102.49251,28.999881],[102.481341,28.993803],[102.471324,28.978192],[102.471222,28.954799],[102.482951,28.941237],[102.483564,28.929158],[102.479492,28.914784],[102.461369,28.900164],[102.460655,28.874684],[102.440821,28.870526],[102.430362,28.852521],[102.40214,28.8575],[102.342824,28.858995],[102.330084,28.879296],[102.315482,28.884715],[102.312349,28.901231],[102.296387,28.898135],[102.276469,28.902265],[102.269391,28.908417],[102.2593,28.901746],[102.252878,28.905072],[102.246036,28.913617],[102.247339,28.934311],[102.232955,28.942833],[102.231703,28.964448],[102.203466,28.978103],[102.198163,28.996696],[102.177846,29.015353],[102.187299,29.029982],[102.170825,29.040097],[102.161802,29.037895],[102.154276,29.053163],[102.169986,29.080606],[102.15526,29.086295],[102.15003,29.102908],[102.157714,29.134265],[102.152485,29.145504],[102.128451,29.162756],[102.12967,29.177326],[102.106941,29.189714],[102.092053,29.183967],[102.079689,29.171879],[102.051395,29.180196],[102.064437,29.199412],[102.075459,29.20033],[102.114366,29.222032],[102.125117,29.235693],[102.123611,29.240965],[102.091767,29.276699],[102.071878,29.286427],[102.067883,29.292479],[102.049803,29.300743],[102.029332,29.293573],[101.985685,29.300709],[101.957058,29.31889],[101.945581,29.350664],[101.973937,29.387955],[101.972104,29.406213],[101.983261,29.424047],[101.982316,29.428615],[101.970774,29.43206],[101.967503,29.438484],[101.943952,29.44448],[101.947786,29.472603],[101.936303,29.501744],[101.951094,29.506096],[101.971569,29.493208],[101.986969,29.495584],[102.00549,29.492147],[102.034744,29.501202],[102.090146,29.497509],[102.122273,29.511988],[102.132661,29.511698],[102.13442,29.5071],[102.142453,29.505072],[102.142969,29.5339],[102.164091,29.536338],[102.164518,29.517432],[102.176539,29.516404],[102.177979,29.508818],[102.174617,29.485818],[102.169278,29.477973],[102.172675,29.467354],[102.190095,29.471925],[102.192548,29.463808],[102.204217,29.462541],[102.223945,29.479173],[102.241163,29.483908],[102.265617,29.500073],[102.311741,29.534682]]]]},"properties":{"name":"石棉县","gb":"156511824","valid_cells":18,"valid_area_km2":18.0,"level_1_cells":0,"level_2_cells":0,"level_3_cells":18,"level_1_area_km2":0.0,"level_2_area_km2":0.0,"level_3_area_km2":18.0,"level_1_share":0.0,"level_2_share":0.0,"level_3_share":1.0,"tdpi_high_cells":0,"tdpi_high_area_km2":0.0,"tdpi_high_share":0.0,"priority_index":0.0,"ranking_area_threshold_km2":100.0,"ranking_eligible":0,"rank":null}},{"type":"Feature","geometry":{"type":"MultiPolygon","coordinates":[[[[102.430362,28.852521],[102.429147,28.828766],[102.419931,28.816859],[102.424961,28.779922],[102.413853,28.75877],[102.40205,28.751234],[102.401578,28.739193],[102.387047,28.730324],[102.375311,28.729646],[102.371325,28.717953],[102.375873,28.695768],[102.368215,28.673426],[102.361496,28.668337],[102.359367,28.660739],[102.364977,28.654167],[102.364188,28.647277],[102.348311,28.622197],[102.35033,28.604062],[102.344387,28.597989],[102.341082,28.582003],[102.351758,28.571904],[102.35474,28.554848],[102.348177,28.536522],[102.33768,28.530511],[102.334285,28.520474],[102.299275,28.495657],[102.291513,28.470463],[102.284078,28.460616],[102.287853,28.453522],[102.281922,28.429284],[102.271042,28.425891],[102.252594,28.374728],[102.267431,28.368401],[102.279032,28.352019],[102.288274,28.349028],[102.305965,28.331281],[102.306936,28.322494],[102.299676,28.314417],[102.325878,28.280465],[102.323825,28.259127],[102.327537,28.243812],[102.315882,28.234754],[102.312105,28.221423],[102.31963,28.207266],[102.311187,28.201507],[102.282766,28.197363],[102.279113,28.212413],[102.269778,28.22184],[102.20499,28.222944],[102.203545,28.171296],[102.192421,28.165727],[102.189564,28.170819],[102.17221,28.166343],[102.168149,28.182017],[102.150982,28.175682],[102.143629,28.177314],[102.134533,28.165628],[102.133671,28.155019],[102.118489,28.126585],[102.110256,28.119879],[102.093707,28.13299],[102.063954,28.129158],[102.031251,28.135268],[102.013542,28.128812],[102.001771,28.140164],[101.999014,28.151436],[101.969703,28.160559],[101.958855,28.156575],[101.946982,28.171163],[101.936733,28.171962],[101.918415,28.142475],[101.920037,28.130566],[101.903048,28.107371],[101.884282,28.095961],[101.885331,28.086568],[101.869937,28.089718],[101.861397,28.087162],[101.825041,28.115645],[101.816944,28.13616],[101.803192,28.14378],[101.79215,28.134866],[101.721954,28.146311],[101.724593,28.15654],[101.721509,28.18369],[101.704324,28.202883],[101.718328,28.220711],[101.711954,28.245389],[101.681359,28.250772],[101.643341,28.277231],[101.648967,28.306895],[101.645584,28.323491],[101.649036,28.340995],[101.669869,28.356138],[101.714201,28.382508],[101.729392,28.412362],[101.730159,28.432403],[101.747047,28.45954],[101.755238,28.495207],[101.749904,28.53473],[101.753412,28.542204],[101.831365,28.598054],[101.874712,28.617267],[101.897238,28.610655],[101.912106,28.616171],[101.9483,28.675339],[101.949909,28.69113],[101.999828,28.7122],[102.019283,28.725788],[102.009466,28.743455],[101.99701,28.754063],[101.998001,28.767474],[101.985559,28.785819],[101.985199,28.805982],[101.956089,28.829293],[101.988377,28.864399],[101.985166,28.889829],[101.996744,28.898768],[101.99986,28.908566],[102.008631,28.913223],[102.021389,28.909566],[102.045,28.919089],[102.05002,28.923747],[102.051612,28.955991],[102.104157,28.988231],[102.116801,28.99952],[102.121039,29.013825],[102.142156,29.022266],[102.141158,29.028858],[102.151071,29.038228],[102.161802,29.037895],[102.170825,29.040097],[102.187299,29.029982],[102.177846,29.015353],[102.198163,28.996696],[102.203466,28.978103],[102.231703,28.964448],[102.232955,28.942833],[102.247339,28.934311],[102.246036,28.913617],[102.252878,28.905072],[102.2593,28.901746],[102.269391,28.908417],[102.276469,28.902265],[102.296387,28.898135],[102.312349,28.901231],[102.315482,28.884715],[102.330084,28.879296],[102.342824,28.858995],[102.40214,28.8575],[102.430362,28.852521]]]]},"properties":{"name":"冕宁县","gb":"156513433","valid_cells":9,"valid_area_km2":9.0,"level_1_cells":0,"level_2_cells":0,"level_3_cells":9,"level_1_area_km2":0.0,"level_2_area_km2":0.0,"level_3_area_km2":9.0,"level_1_share":0.0,"level_2_share":0.0,"level_3_share":1.0,"tdpi_high_cells":0,"tdpi_high_area_km2":0.0,"tdpi_high_share":0.0,"priority_index":0.0,"ranking_area_threshold_km2":100.0,"ranking_eligible":0,"rank":null}},{"type":"Feature","geometry":{"type":"MultiPolygon","coordinates":[[[[104.24133,32.163577],[104.265731,32.145473],[104.296259,32.146757],[104.320563,32.112464],[104.376256,32.092171],[104.379364,32.077822],[104.394103,32.07163],[104.411373,32.055151],[104.427976,32.056811],[104.444518,32.084331],[104.460786,32.089605],[104.457836,32.106308],[104.463895,32.113379],[104.498143,32.087405],[104.501645,32.085931],[104.506179,32.090757],[104.555505,32.0619],[104.605619,32.050746],[104.638601,32.049588],[104.638129,32.026465],[104.643629,32.020566],[104.661366,32.016591],[104.672573,32.005854],[104.704894,32.018717],[104.71149,32.012085],[104.710193,32.004826],[104.721476,31.993626],[104.69767,31.971445],[104.689589,31.937822],[104.699026,31.925059],[104.710977,31.926424],[104.707662,31.913084],[104.71777,31.90279],[104.693027,31.879668],[104.673385,31.871736],[104.657441,31.885968],[104.654348,31.89619],[104.635975,31.905644],[104.611801,31.887523],[104.571383,31.867455],[104.556657,31.868756],[104.550707,31.861222],[104.548802,31.84883],[104.564683,31.84563],[104.569815,31.841983],[104.57286,31.830488],[104.589421,31.824581],[104.590627,31.810221],[104.58415,31.803399],[104.582413,31.782386],[104.597277,31.773751],[104.601685,31.766492],[104.579731,31.757301],[104.578122,31.752899],[104.597678,31.734307],[104.589093,31.726717],[104.587911,31.720247],[104.560586,31.701497],[104.539568,31.690608],[104.513116,31.683526],[104.511206,31.676547],[104.502632,31.651134],[104.502826,31.643697],[104.512589,31.634089],[104.506799,31.619549],[104.486568,31.610055],[104.467343,31.591823],[104.452396,31.568103],[104.436141,31.567222],[104.429725,31.569775],[104.430013,31.573416],[104.424063,31.573221],[104.4128,31.561959],[104.404495,31.559892],[104.401663,31.590544],[104.39303,31.59522],[104.391315,31.602508],[104.393841,31.608648],[104.377859,31.623392],[104.370466,31.622847],[104.361521,31.630166],[104.366513,31.639604],[104.352426,31.65827],[104.380866,31.673877],[104.383862,31.687022],[104.372451,31.689888],[104.374819,31.698344],[104.368388,31.709907],[104.356623,31.707154],[104.339605,31.715759],[104.347619,31.729907],[104.347063,31.738749],[104.332125,31.738513],[104.303839,31.759923],[104.297178,31.79083],[104.28698,31.790967],[104.279907,31.783391],[104.262453,31.782052],[104.246127,31.770891],[104.247678,31.766941],[104.235749,31.757724],[104.185547,31.729988],[104.171283,31.735529],[104.167344,31.781725],[104.152229,31.796067],[104.149352,31.810148],[104.155204,31.813068],[104.156512,31.821115],[104.142897,31.816073],[104.130692,31.817963],[104.125,31.82416],[104.12492,31.831339],[104.079617,31.840368],[104.057339,31.831539],[104.048792,31.849626],[104.04217,31.852569],[104.027654,31.848748],[104.016288,31.854841],[104.010079,31.864289],[103.989845,31.86518],[103.972088,31.859179],[103.964194,31.881838],[103.953254,31.884288],[103.95186,31.906822],[103.944988,31.909865],[103.941087,31.923884],[103.918051,31.945535],[103.900478,31.934683],[103.882439,31.931314],[103.873782,31.920266],[103.859298,31.920041],[103.839791,31.925346],[103.813036,31.943964],[103.773674,31.950313],[103.760672,31.947896],[103.746493,31.958828],[103.75371,31.970973],[103.757266,32.004334],[103.773299,32.014613],[103.790221,32.039498],[103.791541,32.048152],[103.814148,32.056322],[103.821582,32.069847],[103.822851,32.076344],[103.810565,32.105367],[103.811975,32.112766],[103.819846,32.116067],[103.826029,32.134285],[103.843696,32.132588],[103.850984,32.127457],[103.855516,32.130967],[103.857545,32.145068],[103.848903,32.164266],[103.89572,32.158215],[103.925058,32.146845],[103.938032,32.150784],[103.950407,32.148442],[103.956935,32.142065],[103.973007,32.14352],[103.993351,32.120071],[104.040357,32.134325],[104.076523,32.127565],[104.092017,32.129455],[104.108501,32.140753],[104.12552,32.143161],[104.147975,32.130847],[104.139075,32.150581],[104.153166,32.160087],[104.156673,32.17972],[104.161803,32.186152],[104.174559,32.190072],[104.176375,32.19652],[104.187501,32.203926],[104.222148,32.219441],[104.254795,32.217799],[104.253809,32.205086],[104.244785,32.192204],[104.24133,32.163577]]]]},"properties":{"name":"北川羌族自治县","gb":"156510726","valid_cells":8,"valid_area_km2":8.0,"level_1_cells":0,"level_2_cells":0,"level_3_cells":8,"level_1_area_km2":0.0,"level_2_area_km2":0.0,"level_3_area_km2":8.0,"level_1_share":0.0,"level_2_share":0.0,"level_3_share":1.0,"tdpi_high_cells":0,"tdpi_high_area_km2":0.0,"tdpi_high_share":0.0,"priority_index":0.0,"ranking_area_threshold_km2":100.0,"ranking_eligible":0,"rank":null}},{"type":"Feature","geometry":{"type":"MultiPolygon","coordinates":[[[[102.846724,29.500332],[102.868839,29.487251],[102.868992,29.477645],[102.889911,29.479978],[102.894605,29.446654],[102.905218,29.440587],[102.907548,29.434746],[102.904197,29.425576],[102.909326,29.417422],[102.932373,29.403182],[102.954729,29.412741],[102.972877,29.408064],[102.980738,29.391791],[102.994068,29.38383],[102.997816,29.370255],[102.979211,29.348293],[102.977651,29.320558],[103.001379,29.289938],[102.954353,29.304511],[102.9375,29.304429],[102.930111,29.300155],[102.908991,29.262493],[102.904595,29.226002],[102.871829,29.205666],[102.834662,29.210549],[102.830464,29.246669],[102.810691,29.251965],[102.803528,29.249432],[102.792689,29.256987],[102.776026,29.248876],[102.781895,29.227885],[102.766644,29.211859],[102.761908,29.198274],[102.775074,29.177056],[102.767737,29.16037],[102.747261,29.162817],[102.73625,29.15523],[102.721224,29.159966],[102.71413,29.167503],[102.672348,29.166108],[102.647537,29.177087],[102.645013,29.194381],[102.637127,29.20882],[102.616142,29.212835],[102.58759,29.19668],[102.591872,29.178935],[102.600407,29.174068],[102.592026,29.161867],[102.566587,29.165354],[102.550046,29.156606],[102.558722,29.149951],[102.56126,29.140738],[102.555565,29.134966],[102.552499,29.121064],[102.520459,29.112893],[102.513293,29.097148],[102.500268,29.09513],[102.495542,29.102908],[102.486155,29.10731],[102.48338,29.116933],[102.496518,29.133556],[102.484904,29.151299],[102.50371,29.200218],[102.515781,29.210439],[102.51869,29.223614],[102.501786,29.238163],[102.497117,29.256918],[102.490264,29.263115],[102.500271,29.280704],[102.534846,29.289014],[102.552155,29.30491],[102.551646,29.325594],[102.557236,29.332991],[102.567597,29.337169],[102.571006,29.34431],[102.559793,29.358789],[102.559203,29.371359],[102.547133,29.382033],[102.526801,29.418384],[102.497499,29.430484],[102.488136,29.4479],[102.475485,29.452082],[102.41826,29.447774],[102.380805,29.457469],[102.367926,29.467536],[102.359395,29.462824],[102.332851,29.471476],[102.31681,29.490858],[102.318125,29.502201],[102.309846,29.510693],[102.311741,29.534682],[102.319793,29.557236],[102.306505,29.574507],[102.291776,29.582977],[102.27498,29.611505],[102.289336,29.629944],[102.285626,29.641829],[102.294055,29.655451],[102.291923,29.672806],[102.296879,29.69059],[102.335265,29.724094],[102.356663,29.71309],[102.374934,29.719696],[102.386903,29.711533],[102.407985,29.713374],[102.426711,29.704318],[102.446853,29.719391],[102.471118,29.721615],[102.469382,29.709131],[102.492855,29.685813],[102.495963,29.676127],[102.512005,29.669137],[102.521248,29.645442],[102.535571,29.647222],[102.540035,29.652143],[102.55157,29.651011],[102.559331,29.646723],[102.56029,29.639644],[102.568429,29.638595],[102.600013,29.64368],[102.603803,29.649629],[102.623716,29.649108],[102.638792,29.656512],[102.644569,29.631626],[102.654547,29.618807],[102.670407,29.608818],[102.679806,29.584539],[102.70173,29.571126],[102.707392,29.546055],[102.703896,29.533159],[102.74004,29.487485],[102.75528,29.49148],[102.779617,29.480125],[102.801769,29.488579],[102.812129,29.483954],[102.817198,29.475929],[102.835706,29.483772],[102.838673,29.493974],[102.846724,29.500332]]]]},"properties":{"name":"汉源县","gb":"156511823","valid_cells":6,"valid_area_km2":6.0,"level_1_cells":0,"level_2_cells":0,"level_3_cells":6,"level_1_area_km2":0.0,"level_2_area_km2":0.0,"level_3_area_km2":6.0,"level_1_share":0.0,"level_2_share":0.0,"level_3_share":1.0,"tdpi_high_cells":0,"tdpi_high_area_km2":0.0,"tdpi_high_share":0.0,"priority_index":0.0,"ranking_area_threshold_km2":100.0,"ranking_eligible":0,"rank":null}},{"type":"Feature","geometry":{"type":"MultiPolygon","coordinates":[[[[103.779083,30.958731],[103.77184,30.961959],[103.765607,30.955624],[103.765217,30.939775],[103.773895,30.921774],[103.760206,30.919683],[103.758692,30.908356],[103.748736,30.897628],[103.758696,30.884918],[103.752239,30.880112],[103.732581,30.881345],[103.732284,30.869422],[103.713687,30.863174],[103.69201,30.886025],[103.684018,30.884604],[103.697953,30.851923],[103.700098,30.83426],[103.713658,30.815993],[103.727346,30.75571],[103.716787,30.74897],[103.706486,30.765987],[103.695656,30.772866],[103.689535,30.770608],[103.659541,30.776916],[103.652116,30.770181],[103.607401,30.767771],[103.601921,30.775037],[103.609617,30.787924],[103.606679,30.794075],[103.598896,30.795313],[103.59263,30.812963],[103.55942,30.826142],[103.545061,30.821483],[103.54079,30.837958],[103.500841,30.84292],[103.496709,30.858907],[103.47457,30.862295],[103.467286,30.870099],[103.449659,30.86816],[103.446962,30.874565],[103.42913,30.875002],[103.431223,30.880259],[103.450001,30.896652],[103.44934,30.909123],[103.457016,30.937959],[103.513978,30.978258],[103.510923,30.989907],[103.518795,31.006419],[103.517859,31.03043],[103.501852,31.043313],[103.515652,31.062365],[103.519438,31.080671],[103.526791,31.090742],[103.52349,31.10378],[103.555027,31.152043],[103.561643,31.177019],[103.571093,31.181682],[103.581317,31.196708],[103.578899,31.212959],[103.573787,31.218397],[103.579478,31.248699],[103.566596,31.265966],[103.567358,31.27612],[103.577906,31.293168],[103.572267,31.299202],[103.567782,31.316372],[103.566308,31.333333],[103.570558,31.343194],[103.588986,31.341688],[103.601175,31.351707],[103.625074,31.346589],[103.641279,31.355908],[103.658369,31.35295],[103.677256,31.368702],[103.693956,31.352006],[103.692739,31.339165],[103.699135,31.326442],[103.709393,31.320492],[103.709413,31.30284],[103.720588,31.28339],[103.715803,31.263971],[103.691534,31.243307],[103.682361,31.213464],[103.718042,31.169973],[103.738318,31.166074],[103.733795,31.154077],[103.743178,31.120203],[103.761564,31.104008],[103.762712,31.089986],[103.770102,31.081967],[103.763218,31.074427],[103.724163,31.071319],[103.73882,31.051873],[103.745956,31.031756],[103.75856,31.027197],[103.751491,31.024492],[103.748007,31.013736],[103.763664,31.002695],[103.767717,30.992577],[103.782448,30.977249],[103.779083,30.958731]]]]},"properties":{"name":"都江堰市","gb":"156510181","valid_cells":6,"valid_area_km2":6.0,"level_1_cells":0,"level_2_cells":2,"level_3_cells":4,"level_1_area_km2":0.0,"level_2_area_km2":2.0,"level_3_area_km2":4.0,"level_1_share":0.0,"level_2_share":0.3333333333333333,"level_3_share":0.6666666666666666,"tdpi_high_cells":1,"tdpi_high_area_km2":1.0,"tdpi_high_share":0.16666666666666666,"priority_index":0.6666666666666666,"ranking_area_threshold_km2":100.0,"ranking_eligible":0,"rank":null}},{"type":"Feature","geometry":{"type":"MultiPolygon","coordinates":[[[[104.094375,31.698081],[104.110148,31.689628],[104.117183,31.679773],[104.099124,31.658642],[104.096615,31.651483],[104.099834,31.634248],[104.127493,31.609438],[104.142975,31.584974],[104.143319,31.565922],[104.159003,31.558862],[104.150535,31.545045],[104.157025,31.518005],[104.170373,31.516785],[104.175325,31.521678],[104.185298,31.522721],[104.201048,31.51583],[104.205581,31.503166],[104.222062,31.490442],[104.233116,31.464344],[104.267936,31.461468],[104.28651,31.436441],[104.310043,31.42958],[104.321139,31.412287],[104.323582,31.399907],[104.338982,31.388175],[104.321334,31.376584],[104.342605,31.355373],[104.340713,31.34909],[104.322239,31.337227],[104.319132,31.301314],[104.300143,31.277245],[104.275814,31.269022],[104.277648,31.253175],[104.273647,31.242309],[104.262465,31.230132],[104.252375,31.226079],[104.268867,31.163972],[104.268729,31.157544],[104.263761,31.158419],[104.2319,31.178742],[104.17847,31.197433],[104.108641,31.232258],[104.080374,31.240014],[104.041179,31.265402],[104.039814,31.276087],[104.025578,31.28978],[104.020494,31.303842],[104.023673,31.325041],[104.043582,31.340607],[104.041039,31.348313],[104.025434,31.352576],[104.029763,31.36993],[104.015648,31.398234],[104.025894,31.41167],[104.027837,31.421099],[104.022454,31.42842],[103.998456,31.43636],[103.99489,31.442036],[104.00349,31.471622],[103.989186,31.490697],[103.974283,31.486682],[103.967483,31.498034],[103.965802,31.487766],[103.958541,31.487236],[103.94,31.495002],[103.934275,31.500856],[103.918961,31.540492],[103.912938,31.541029],[103.905349,31.566265],[103.922338,31.604671],[103.917074,31.623378],[103.927731,31.637591],[103.926825,31.642249],[103.959356,31.658174],[103.982403,31.682476],[103.992088,31.686797],[104.016006,31.680725],[104.027747,31.694614],[104.038385,31.699183],[104.0625,31.699746],[104.08085,31.69118],[104.094375,31.698081]]]]},"properties":{"name":"绵竹市","gb":"156510683","valid_cells":3,"valid_area_km2":3.0,"level_1_cells":0,"level_2_cells":0,"level_3_cells":3,"level_1_area_km2":0.0,"level_2_area_km2":0.0,"level_3_area_km2":3.0,"level_1_share":0.0,"level_2_share":0.0,"level_3_share":1.0,"tdpi_high_cells":0,"tdpi_high_area_km2":0.0,"tdpi_high_share":0.0,"priority_index":0.0,"ranking_area_threshold_km2":100.0,"ranking_eligible":0,"rank":null}},{"type":"Feature","geometry":{"type":"MultiPolygon","coordinates":[[[[102.880743,29.919834],[102.889225,29.901543],[102.887927,29.882214],[102.859501,29.877849],[102.861941,29.86818],[102.876719,29.856168],[102.894537,29.855573],[102.926543,29.840919],[102.942767,29.804289],[102.923287,29.788829],[102.919775,29.780915],[102.922636,29.76929],[102.918329,29.754093],[102.933179,29.714928],[102.929278,29.713871],[102.934162,29.699652],[102.930318,29.690291],[102.935128,29.684032],[102.923294,29.657546],[102.933768,29.646],[102.935911,29.637393],[102.926301,29.622451],[102.926796,29.60799],[102.919586,29.58531],[102.922616,29.562784],[102.897715,29.545829],[102.888518,29.545863],[102.872433,29.534597],[102.866956,29.535952],[102.846724,29.500332],[102.838673,29.493974],[102.835706,29.483772],[102.817198,29.475929],[102.812129,29.483954],[102.801769,29.488579],[102.779617,29.480125],[102.75528,29.49148],[102.74004,29.487485],[102.703896,29.533159],[102.707392,29.546055],[102.70173,29.571126],[102.679806,29.584539],[102.670407,29.608818],[102.654547,29.618807],[102.644569,29.631626],[102.638792,29.656512],[102.623716,29.649108],[102.603803,29.649629],[102.600013,29.64368],[102.568429,29.638595],[102.56029,29.639644],[102.559331,29.646723],[102.55157,29.651011],[102.540035,29.652143],[102.535571,29.647222],[102.521248,29.645442],[102.512005,29.669137],[102.495963,29.676127],[102.492855,29.685813],[102.469382,29.709131],[102.471118,29.721615],[102.446853,29.719391],[102.426711,29.704318],[102.407985,29.713374],[102.386903,29.711533],[102.374934,29.719696],[102.356663,29.71309],[102.335265,29.724094],[102.325951,29.742382],[102.348601,29.756688],[102.355876,29.774831],[102.343739,29.793408],[102.324288,29.802318],[102.320017,29.829043],[102.344983,29.832357],[102.351777,29.823687],[102.361755,29.823074],[102.379192,29.833502],[102.393967,29.856331],[102.435118,29.853214],[102.440279,29.860327],[102.489672,29.876961],[102.498919,29.881592],[102.497768,29.897914],[102.538635,29.906662],[102.562323,29.933144],[102.580549,29.945038],[102.599055,29.931964],[102.613599,29.933652],[102.630794,29.942887],[102.64523,29.940881],[102.655727,29.924002],[102.667914,29.920372],[102.675143,29.905265],[102.692138,29.917821],[102.699284,29.917481],[102.708719,29.911401],[102.712922,29.894782],[102.752988,29.874863],[102.762305,29.86166],[102.773407,29.859562],[102.793574,29.874755],[102.799013,29.888419],[102.813073,29.890044],[102.847076,29.909957],[102.855795,29.908555],[102.880743,29.919834]]]]},"properties":{"name":"荥经县","gb":"156511822","valid_cells":3,"valid_area_km2":3.0,"level_1_cells":0,"level_2_cells":0,"level_3_cells":3,"level_1_area_km2":0.0,"level_2_area_km2":0.0,"level_3_area_km2":3.0,"level_1_share":0.0,"level_2_share":0.0,"level_3_share":1.0,"tdpi_high_cells":0,"tdpi_high_area_km2":0.0,"tdpi_high_share":0.0,"priority_index":0.0,"ranking_area_threshold_km2":100.0,"ranking_eligible":0,"rank":null}},{"type":"Feature","geometry":{"type":"MultiPolygon","coordinates":[[[[103.853326,31.542023],[103.868618,31.528726],[103.876263,31.529909],[103.897731,31.517662],[103.918961,31.540492],[103.934275,31.500856],[103.94,31.495002],[103.958541,31.487236],[103.965802,31.487766],[103.967483,31.498034],[103.974283,31.486682],[103.989186,31.490697],[104.00349,31.471622],[103.99489,31.442036],[103.998456,31.43636],[104.022454,31.42842],[104.027837,31.421099],[104.025894,31.41167],[104.015648,31.398234],[104.029763,31.36993],[104.025434,31.352576],[104.041039,31.348313],[104.043582,31.340607],[104.023673,31.325041],[104.020494,31.303842],[104.025578,31.28978],[104.039814,31.276087],[104.041179,31.265402],[104.080374,31.240014],[104.108641,31.232258],[104.17847,31.197433],[104.2319,31.178742],[104.263761,31.158419],[104.272952,31.149815],[104.269886,31.141403],[104.248711,31.135652],[104.230355,31.138289],[104.227548,31.131077],[104.231801,31.123135],[104.226732,31.110712],[104.219285,31.102886],[104.207624,31.101966],[104.191816,31.086361],[104.186543,31.071291],[104.174576,31.067557],[104.16439,31.070558],[104.137943,31.057364],[104.16681,31.036014],[104.16764,31.030013],[104.147024,31.027198],[104.119235,31.031972],[104.102721,31.032999],[104.089317,31.036217],[104.076621,31.054712],[104.076549,31.060687],[104.057588,31.066575],[104.05737,31.076901],[104.041614,31.084398],[104.04114,31.091204],[104.01949,31.106312],[104.022282,31.126065],[104.018598,31.144889],[104.00702,31.155642],[104.006976,31.16583],[104.010657,31.166602],[104.006262,31.179316],[103.969588,31.209557],[103.95958,31.210163],[103.953662,31.204389],[103.945976,31.206154],[103.944163,31.221276],[103.934028,31.224634],[103.928052,31.232465],[103.933939,31.24708],[103.927566,31.262907],[103.930477,31.269178],[103.924054,31.276264],[103.913391,31.279479],[103.890187,31.304546],[103.89381,31.330112],[103.911518,31.346402],[103.922578,31.348832],[103.926305,31.358643],[103.918327,31.364318],[103.919098,31.372529],[103.906147,31.384452],[103.893962,31.404218],[103.89619,31.419646],[103.887825,31.42396],[103.875285,31.416534],[103.865103,31.423565],[103.852542,31.415815],[103.827567,31.413694],[103.815969,31.425381],[103.813878,31.4349],[103.804255,31.437765],[103.800509,31.432367],[103.793592,31.476479],[103.817876,31.496883],[103.824916,31.510837],[103.840689,31.51561],[103.853326,31.542023]]]]},"properties":{"name":"什邡市","gb":"156510682","valid_cells":2,"valid_area_km2":2.0,"level_1_cells":0,"level_2_cells":0,"level_3_cells":2,"level_1_area_km2":0.0,"level_2_area_km2":0.0,"level_3_area_km2":2.0,"level_1_share":0.0,"level_2_share":0.0,"level_3_share":1.0,"tdpi_high_cells":0,"tdpi_high_area_km2":0.0,"tdpi_high_share":0.0,"priority_index":0.0,"ranking_area_threshold_km2":100.0,"ranking_eligible":0,"rank":null}},{"type":"Feature","geometry":{"type":"MultiPolygon","coordinates":[[[[104.119235,31.031972],[104.113574,31.026817],[104.114344,31.019534],[104.151792,31.007848],[104.166773,30.992196],[104.165999,30.963582],[104.142426,30.924998],[104.14445,30.918831],[104.116338,30.914932],[104.073491,30.918262],[104.065883,30.92556],[104.062975,30.950657],[104.046228,30.965942],[104.026962,30.960754],[104.011139,30.942917],[103.997966,30.938757],[103.977163,30.939821],[103.962391,30.926583],[103.96028,30.916491],[103.9375,30.92458],[103.911816,30.924754],[103.900712,30.929711],[103.889771,30.928918],[103.849684,30.939035],[103.844625,30.937543],[103.841448,30.929359],[103.82772,30.93083],[103.81943,30.94315],[103.809552,30.947438],[103.796997,30.945611],[103.779083,30.958731],[103.782448,30.977249],[103.767717,30.992577],[103.763664,31.002695],[103.748007,31.013736],[103.751491,31.024492],[103.75856,31.027197],[103.745956,31.031756],[103.73882,31.051873],[103.724163,31.071319],[103.763218,31.074427],[103.770102,31.081967],[103.762712,31.089986],[103.761564,31.104008],[103.743178,31.120203],[103.733795,31.154077],[103.738318,31.166074],[103.718042,31.169973],[103.682361,31.213464],[103.691534,31.243307],[103.715803,31.263971],[103.720588,31.28339],[103.709413,31.30284],[103.709393,31.320492],[103.699135,31.326442],[103.692739,31.339165],[103.693956,31.352006],[103.677256,31.368702],[103.679343,31.374958],[103.693979,31.384098],[103.697362,31.393317],[103.738954,31.40193],[103.743959,31.418217],[103.782982,31.436086],[103.800509,31.432367],[103.804255,31.437765],[103.813878,31.4349],[103.815969,31.425381],[103.827567,31.413694],[103.852542,31.415815],[103.865103,31.423565],[103.875285,31.416534],[103.887825,31.42396],[103.89619,31.419646],[103.893962,31.404218],[103.906147,31.384452],[103.919098,31.372529],[103.918327,31.364318],[103.926305,31.358643],[103.922578,31.348832],[103.911518,31.346402],[103.89381,31.330112],[103.890187,31.304546],[103.913391,31.279479],[103.924054,31.276264],[103.930477,31.269178],[103.927566,31.262907],[103.933939,31.24708],[103.928052,31.232465],[103.934028,31.224634],[103.944163,31.221276],[103.945976,31.206154],[103.953662,31.204389],[103.95958,31.210163],[103.969588,31.209557],[104.006262,31.179316],[104.010657,31.166602],[104.006976,31.16583],[104.00702,31.155642],[104.018598,31.144889],[104.022282,31.126065],[104.01949,31.106312],[104.04114,31.091204],[104.041614,31.084398],[104.05737,31.076901],[104.057588,31.066575],[104.076549,31.060687],[104.076621,31.054712],[104.089317,31.036217],[104.102721,31.032999],[104.119235,31.031972]]]]},"properties":{"name":"彭州市","gb":"156510182","valid_cells":2,"valid_area_km2":2.0,"level_1_cells":0,"level_2_cells":0,"level_3_cells":2,"level_1_area_km2":0.0,"level_2_area_km2":0.0,"level_3_area_km2":2.0,"level_1_share":0.0,"level_2_share":0.0,"level_3_share":1.0,"tdpi_high_cells":0,"tdpi_high_area_km2":0.0,"tdpi_high_share":0.0,"priority_index":0.0,"ranking_area_threshold_km2":100.0,"ranking_eligible":0,"rank":null}}]}